timeSec,scenarioName,networkRuntimeMode,networkModeSendingEnabled,networkModeReceivingEnabled,networkExperimentActive,networkExperimentScenarioName,networkExperimentAdaptiveMode,networkExperimentRemainingSec,networkExperimentStepIndex,networkExperimentStepCount,frameId,receiveFps,decodeFps,displayFps,currentLatencyMs,averageLatencyMs,currentRttMs,averageRttMs,currentJitterMs,packetLossRate,frameDropRate,receivedPackets,missingPackets,sequenceGapPackets,sequenceGapRecoveredPackets,duplicatePackets,duplicateOriginalPackets,duplicateRetransmitPackets,duplicateLateAfterCompletedPackets,duplicateLateAfterCompletedOriginalPackets,duplicateLateAfterCompletedRetransmitPackets,duplicateLateAfterExpiredPackets,duplicateLateAfterRejectedPackets,reorderedPackets,completedFrames,droppedFrames,deadlineDroppedFrames,outputQueueDroppedFrames,outputQueueDropEvents,outputQueueDropBurstEvents,startupWarmupSec,startupWarmupActive,outputQueueDroppedFramesDelta,outputQueueDropEventsDelta,outputQueueDropBurstEventsDelta,startupOutputQueueDroppedFrames,startupOutputQueueDropEvents,startupOutputQueueDropBurstEvents,steadyOutputQueueDroppedFrames,steadyOutputQueueDropEvents,steadyOutputQueueDropBurstEvents,evaluationOutputQueueDroppedFrames,evaluationOutputQueueDropEvents,evaluationOutputQueueDropBurstEvents,lastOutputQueueDropFrameCount,lastOutputQueueDropQueueSize,lastOutputQueueDropOldestAgeMs,lastOutputQueueDropNewestAgeMs,maxOutputQueueDropOldestAgeMs,lastOutputQueueDropReason,completedQueuePushes,completedQueuePops,completedQueueEmptyPolls,completedQueueSize,maxCompletedQueueSize,completedQueueLastPopAgeMs,completedQueueMaxPopAgeMs,completedQueueLastPushIntervalMs,completedQueueMaxPushIntervalMs,lastOutputQueueDropPopAgeMs,lastOutputQueueDropPushIntervalMs,decodedFrames,displayedFrames,frameRecoveryOutcomeEvents,frameRecoveryCompletedFrames,frameRecoveryExpiredFrames,frameRecoveryRejectedFrames,frameRecoveryNackSentFrames,frameRecoveryFecRecoveredFrames,frameRecoveryLastFrameId,frameRecoveryLastStreamId,frameRecoveryLastEvent,frameRecoveryLastOutcome,frameRecoveryLastCodec,frameRecoveryLastKeyFrame,frameRecoveryLastLargeFrame,frameRecoveryLastChunkCount,frameRecoveryLastReceivedChunks,frameRecoveryLastMissingChunks,frameRecoveryLastFecParityPackets,frameRecoveryLastFecRecoveredChunks,frameRecoveryLastNackCount,frameRecoveryLastPostNackReceivedChunks,frameRecoveryLastNackRequestedChunks,frameRecoveryLastRetransmitReceivedChunks,frameRecoveryLastRetransmitDuplicatePackets,frameRecoveryLastPacketSequence,frameRecoveryLastPacketChunkIndex,frameRecoveryLastRetransmitSequence,frameRecoveryLastRetransmitChunkIndex,frameRecoveryLastEventPacketSequence,frameRecoveryLastEventPacketChunkIndex,frameRecoveryLastEventWasRetransmit,frameRecoveryLastAgeMs,retransmitUsefulChunks,retransmitDuplicatePackets,retransmitLateAfterCompletedPackets,retransmitLateAfterCompletedLargePackets,retransmitLateAfterCompletedSentBeforeCompletePackets,retransmitLateAfterCompletedSentAfterCompletePackets,retransmitLateAfterCompletedAvgSendToCompleteMs,retransmitLateAfterCompletedAvgDelayMs,retransmitLateAfterCompletedMaxDelayMs,retransmitLateAfterExpiredPackets,retransmitLateAfterRejectedPackets,retransmitClassifiedPackets,retransmitNotArrivedPackets,retransmitAccountedPackets,retransmitUnclassifiedPackets,retransmitCompletedFrames,retransmitExpiredFrames,retransmitUsefulnessRatio,retransmitDuplicateRatio,retransmitFinalClassificationRatio,retransmitFinalAccountingRatio,retransmitExpiredAfterUsefulRatio,dynamicNackDeadlineMs,dynamicNackUsefulnessRatio,dynamicNackDuplicateRatio,dynamicNackExpiredAfterRetransmitRatio,dynamicNackDecisionReason,nackSuppressedFrames,nackSuppressedMissingChunks,nackPreflightSuppressedFrames,nackPreflightSuppressedChunks,nackFecGraceSuppressedFrames,nackFecGraceSuppressedChunks,nackPredictedUsefulFrames,nackPredictedUsefulChunks,nackDeferredForLikelyArrivalFrames,nackDeferredForLikelyArrivalChunks,nackSkippedTooLateFrames,nackSkippedTooLateChunks,nackRequestedChunkBudget,nackLastShapingReason,nackLastSuppressionReason,ackCount,lastAckMissingRate,ackRetransmittedFrames,ackRetransmittedChunks,repairCanceledByCompleteAckPackets,repairSkippedByTtlPackets,repairQueuedButCanceledPackets,repairSentAfterCompleteAckPackets,repairSentAfterCompleteAckLargePackets,repairSuppressedByFecLikelyFrames,repairSuppressedByFecLikelyPackets,repairSuppressedByFecLikelyLargeFrames,repairSuppressedByFecLikelyLargePackets,repairBudgetSuppressedFrames,repairBudgetSuppressedPackets,repairBudgetSuppressedLargeFrames,repairBudgetSuppressedLargePackets,repairRaceGuardSuppressedFrames,repairRaceGuardSuppressedPackets,repairRaceGuardSuppressedLargePackets,repairBudgetProfile,repairBudgetProfileSwitches,repairBudgetSmoothedMissingRate,repairBudgetSmoothedPacingQueueDelayMs,repairBudgetSmoothedDeliveryMs,repairFecLikelySuppressedCompletedFrames,repairFecLikelySuppressedCompletedPackets,repairFecLikelySuppressedExpiredFrames,repairFecLikelySuppressedExpiredPackets,repairFecLikelySuppressedPendingFrames,repairFecLikelySuppressedPendingPackets,repairFecLikelySuppressionRescueFrames,repairFecLikelySuppressionRescuePackets,lateRepairSavedPackets,ackStaleDroppedFrames,ackKeyFrameRequests,ackKeyFramePending,pacingEnabled,pacingTargetBitrateBps,pacingRepairTargetBitrateBps,pacingQueuedPackets,pacingHighPriorityQueuedPackets,pacingNormalQueuedPackets,pacingEnqueuedPackets,pacingSentPackets,pacingSentBytes,pacingRepairSentPackets,pacingRepairSentBytes,pacingRepairBorrowedPackets,pacingRepairBorrowedBytes,pacingDroppedPackets,pacingDeadlineDroppedPackets,pacingHighPriorityDeadlineDroppedPackets,pacingNormalDeadlineDroppedPackets,pacingOverflowDroppedPackets,pacingCurrentQueueDelayMs,pacingMaxQueueDelayMs,pacingVideoCreditBytes,pacingRepairCreditBytes,transportFeedbackPackets,transportFeedbackPacketStatuses,transportFeedbackReceivedPackets,transportFeedbackMissingPackets,transportFeedbackSequenceGapPackets,transportFeedbackSequenceGapRecoveredPackets,transportFeedbackLossRate,transportFeedbackArrivalJitterMs,transportFeedbackQueueDelayTrendMs,transportFeedbackLastSequence,estimatedBandwidthBps,deliveryRateBps,bandwidthQueueDelayMs,bandwidthRttTrendMs,bandwidthLossTrend,bandwidthJitterTrendMs,bandwidthFeedbackSamples,deadlineNackSentFrames,deadlineNackRecoveredFrames,deadlineNackMissingChunks,deadlineNackSentH264KeyFrames,deadlineNackSentH264LargeFrames,deadlineNackSentH264DeltaFrames,deadlineNackExpiredDroppedFrames,deadlineNackExpiredAfterNackFrames,deadlineNackExpiredMissingChunks,deadlineNackExpiredH264KeyFrames,deadlineNackExpiredH264KeyMissingChunks,deadlineNackLastExpiredH264KeyMissingChunks,deadlineNackExpiredH264KeyMissingChunks1,deadlineNackExpiredH264KeyMissingChunks2To4,deadlineNackExpiredH264KeyMissingChunks5To8,deadlineNackExpiredH264KeyMissingChunks9To16,deadlineNackExpiredH264KeyMissingChunks17Plus,h264KeySmallMissingDeadlineRescueFrames,h264KeySmallMissingDeadlineRescueMissingChunks,h264KeySmallMissingDeadlineRescueCompletedFrames,h264KeySmallMissingDeadlineRescueRejectedFrames,h264KeySmallMissingDeadlineRescueExpiredFrames,h264KeySmallMissingDeadlineRescueCompletedMissingChunks,h264KeySmallMissingDeadlineRescueExpiredMissingChunks,deadlineNackExpiredH264LargeFrames,deadlineNackExpiredH264DeltaFrames,fecEnabled,adaptiveFecEnabled,fecGroupChunkCount,fecParityPackets,fecRecoveredFrames,fecRecoveredChunks,h264ReassemblerAuRejectedFrames,h264ReassemblerHeaderFailures,h264ReassemblerPayloadSizeMismatches,h264ReassemblerFrameIdMismatches,h264ReassemblerCrcMismatches,h264ReassemblerLastRejectReason,adaptiveFecDecisionReason,adaptiveFecHoldReason,adaptiveFecG8ToG4Recovery,adaptiveFecQualityHoldActive,adaptiveFecQualityHoldCanceled,adaptiveFecEmergencyG2Active,adaptiveFecEarlyOffReason,adaptiveEnabled,adaptiveControlMode,adaptiveCongestionControlMode,targetJpegQuality,targetFps,targetBitrateKbps,adaptiveBandwidthCeilingKbps,targetWidth,targetHeight,actualCodec,actualEncodeWidth,actualEncodeHeight,actualRawFrameBytes,actualEncodedFrameBytes,rawFrameBytes,encodedFrameBytes,compressionRatio,captureFps,cameraCaptureSubtype,cameraCaptureWidth,cameraCaptureHeight,cameraCaptureFormatFps,encodeMs,resizeMs,nv12PrepareMs,h264EncodeMs,h264EncoderRequestedBitrateKbps,h264EncoderTargetBitrateKbps,h264EncoderAppliedBitrateKbps,h264DynamicBitrateUpdateRequests,h264DynamicBitrateUpdateSuccesses,h264DynamicBitrateUpdateFailures,h264EncoderReinitializations,pacingBudgetTargetBitrateKbps,h264VideoBudgetScale,pacingBurstGuardActive,fixedPacingRecentMaxQueueDelayMs,fixedPacingQueueReleaseStableSec,fixedPacingQueueRecovered,fixedPacingQueueReleaseEligible,adaptiveRepairBudgetUtilization,adaptiveRepairBorrowedRatio,adaptiveRepairSentBytesDelta,adaptiveRepairBorrowedBytesDelta,adaptiveRepairBudgetGuardActive,adaptiveRepairVideoBudgetPressure,adaptiveRetransmitUsefulRatio,adaptiveLateRepairWasteRatio,adaptiveRetransmitNotArrivedRatio,adaptiveRetransmitAccountingComplete,adaptiveLateRepairWastePressure,adaptiveRetransmitNotArrivedPressure,adaptiveRepairDecisionReason,h264AuChunkCount,h264AuIsIdr,h264AuIsDecoderSync,h264RequestedKeyFrameConsumedFrames,h264EncoderKeyFrameRequests,h264RecoveryKeyFrameRequests,h264AwaitingSyncKeyFrameRequests,h264PeriodicIdrRequests,h264IdrFrames,h264DecoderSyncFrames,h264ConsecutiveIdrFrames,h264MaxConsecutiveIdrFrames,h264AuProtectionLevel,h264AuDroppedBeforeSend,h264AuDropReason,h264AuDroppedBytes,h264AuDroppedChunks,h264AuPacingQueueDelayMs,h264AuEstimatedSendMs,h264InputGatedByPacing,h264InputGateReason,h264InputGateQueueDelayMs,h264InputGateVideoCreditBytes,h264InputGateFrameBudgetBytes,h264InputGateDurationMs,h264InputGateConsecutiveFrames,h264InputGateSkippedInputFrames,h264InputGateForcedOpen,h264InputGateReleaseReason,fecProtectedH264KeyFrames,fecProtectedH264LargeFrames,h264EncoderDelayFrames,h264EncoderDelayMs,h264EncoderPendingFrames,h264EncodedInputFrameId,h264EncoderCallMs,h264EncoderSampleCreateMs,h264EncoderProcessInputMs,h264EncoderPreInputPollMs,h264EncoderPostInputWaitMs,h264EncoderProcessOutputMs,h264EncoderOutputCopyMs,h264EncoderProcessOutputAttempts,h264EncoderAsyncEventCount,h264EncoderHardware,h264EncoderAsync,h264EncoderNeedInputSignaled,h264EncoderOutputProduced,h264EncoderOutputProducedBeforeInput,h264SubmittedNewInput,h264AsyncSubmittedWithoutOutput,h264AsyncPendingNoOutput,h264AsyncCadenceHoldActive,h264AsyncPendingNoOutputStreak,h264AsyncCadenceScale,h264AsyncCadenceHoldRemainingMs,h264AsyncOutputPollBackoffMs,h264InputCadenceFps,h264NeedInputSubmitWake,h264NeedInputSubmitLeadMs,encodedCameraFrameId,encodedCameraSourceTimestamp100ns,encodedCameraCaptureCompletedTimeUs,encodedCameraFrameAgeMs,encodedCameraReadSampleMs,encodedCameraReadSampleEndToCaptureMs,encodedCameraCaptureToPublishMs,encodedCameraPublishToAcquireMs,encodedCameraAcquireToEncoderInputMs,jpegEncodeMs,packetizeMs,sendFrameIntervalMs,cameraFrameReady,cameraFrameId,cameraSourceTimestamp100ns,cameraReadSampleStartTimeUs,cameraReadSampleEndTimeUs,cameraCaptureCompletedTimeUs,cameraFramePublishedTimeUs,cameraSenderAcquireTimeUs,cameraReadSampleMs,cameraReadSampleEndToCaptureMs,cameraCaptureToPublishMs,cameraPublishToAcquireMs,cameraAcquireToSendMs,cameraFrameAgeMs,cameraFrameCacheUsed,receiveJpegDecodeMs,receiveDecodeWorkerFps,receiveDecodeWorkerFrames,receiveDecodePopSuccesses,receiveDecodePopEmptyPolls,receiveDecodeLoopLastPopGapMs,receiveDecodeLoopMaxPopGapMs,receiveStartupDecodeLoopMaxPopGapMs,receiveSteadyDecodeLoopMaxPopGapMs,receiveSteadyDecodeLoopMaxPopGapAtMs,receiveSteadyDecodeLoopMaxPopGapFrameId,receiveSteadyDecodeLoopMaxPopGapStreamId,receiveSteadyDecodeLoopMaxPopGapCodec,receiveSteadyDecodeLoopMaxPopGapInputFrameAgeMs,receiveSteadyDecodeLoopMaxPopGapDecodedQueueSize,receiveSteadyDecodeLoopMaxPopGapCompletedQueueSize,receiveSteadyDecodeLoopMaxPopGapCompletedQueuePopAgeMs,receiveSteadyDecodeLoopMaxPopGapCompletedQueuePushIntervalMs,receiveSteadyDecodeLoopMaxPopGapArrivalRatio,receiveSteadyDecodeLoopMaxPopGapReceiverJitterMs,receiveSteadyDecodeLoopMaxPopGapReceiverLatencyMs,receiveSteadyDecodeLoopMaxPopGapClass,receiveSteadyDecodeLoopMaxPopGapAgeMs,receiveH264StartupActive,receiveH264StartupDecoderSynced,receiveH264StartupFirstDecoded,receiveH264StartupFirstDisplayed,receiveH264StartupReady,receiveH264StartupElapsedMs,receiveH264StartupDecoderSyncMs,receiveH264StartupFirstDecodedMs,receiveH264StartupFirstDisplayedMs,receiveH264StartupReadyMs,receiveH264StartupQueueFlushFrames,receiveDecodeOverwrittenFrames,receiveDecodeQueueDroppedFrames,receiveDecodeRenderOverwriteFrames,receiveDecodeFailures,receiveFreshnessDroppedFrames,receiveFreshnessDroppedFramesDelta,receiveFreshnessDropClass,receiveFreshnessDropEvidence,receiveLastFreshnessDropAgeMs,receiveMaxFreshnessDropAgeMs,receiveLastFreshnessDropFrameId,receiveLastFreshnessDropStreamId,receiveLastFreshnessDropCodec,receiveH264AuInvalidFrames,receiveH264AuCrcMismatches,receiveH264AuPayloadSizeMismatches,receiveH264AuNalCountMismatches,receiveH264AuNoAnnexBNals,receiveH264AuIdrFlagMismatches,receiveH264AuSpsPpsFlagMismatches,receiveH264AuSyncWithoutIdr,receiveH264AuIdrWithoutSpsPps,receiveH264AuForbiddenZeroBit,receiveH264AuLastInvalidReason,receiveDecodeInputFrameAgeMs,receiveDecodeInputCameraFrameAgeMs,receiveDecodeInputEncoderOutputAgeMs,receiveLatestDecodedFrameAgeMs,receiveLatestDecodedCameraFrameAgeMs,receiveLatestDecodedEncoderOutputAgeMs,receiveFreshnessDropThresholdMs,receiveDecodeLastDropReason,receiveUploadBufferWaitMs,receiveDisplayFrameId,receiveDisplayCameraFrameAgeMs,receiveDisplayEncoderOutputAgeMs,receiveDisplayDecodedFrameAgeMs,textureUploadMs,presentGpuWaitMs,renderFramePacingWaitMs,waitableSwapChainWaitMs,presentMs,presentSyncInterval,lowLatencyPresentMode,waitableSwapChainPacingEnabled,waitableSwapChainAvailable,swapChainBufferCount,adaptiveInputPacketLossRate,adaptiveInputReceiveFps,adaptiveInputDecodeFps,adaptiveInputJitterMs,adaptiveInputDisplayFps,adaptiveQoeScore,adaptiveDegradationCause,adaptiveArrivalGapJitterSpikeActive,adaptiveFecRecoveryWorking,adaptiveFecGuardActive,adaptiveFecRecoveryEfficiency,adaptiveFecParityPacketDelta,adaptiveFecRecoveredFrameDelta,adaptiveFecRecoveredChunkDelta,simEnabled,simLossRate,simDuplicateRate,simReorderRate,simMinDelayMs,simMaxDelayMs,simBurstLossLength,simSubmittedPackets,simSentPackets,simDroppedPackets,simDuplicatedPackets,simReorderedPackets
0.150,Custom_loss6_delay0-100_dup0_reorder6_burst0,Loopback,1,1,0,,,0.000,0,21,0,0.000,0.000,0.000,0.000,0.000,0.000,0.000,0.000,0.000,0.000,0,0,0,0,0,0,0,0,0,0,0,0,0,0,0,0,0,0,0,5.000,1,0,0,0,0,0,0,0,0,0,0,0,0,0,0,0.000,0.000,0.000,,0,0,16,0,0,0.000,0.000,0.000,0.000,0.000,0.000,0,0,0,0,0,0,0,0,0,0,,,,0,0,0,0,0,0,0,0,0,0,0,0,0,0,0,0,0,0,0,0.000,0,0,0,0,0,0,0.000,0.000,0.000,0,0,0,0,0,0,0,0,0.000,0.000,0.000,0.000,0.000,0.000,0.000,0.000,0.000,,0,0,0,0,0,0,0,0,0,0,0,0,0,,,0,0.000,0,0,0,0,0,0,0,0,0,0,0,0,0,0,0,0,0,0,balanced,0,0.000,0.000,0.000,0,0,0,0,0,0,0,0,0,0,0,0,1,9500000,1200000,0,0,0,0,0,0,0,0,0,0,0,0,0,0,0,0.000,0.000,3750.000,4800.000,0,0,0,0,0,0,0.000,0.000,0.000,0,6000000,0,0.000,0.000,0.000,0.000,0,0,0,0,0,0,0,0,0,0,0,0,0,0,0,0,0,0,0,0,0,0,0,0,0,0,0,1,0,4,0,0,0,0,0,0,0,0,,disabled,,0,0,0,0,,1,Fixed Quality,Hybrid,85,30,9500,12000,640,360,,0,0,0,0,0,0,0.000,0.000,,0,0,0.000,0.000,0.000,0.000,0.000,0,0,0,0,0,0,0,0,1.000,0,0.000,0.000,1,0,0.000,0.000,0,0,0,0,0.000,0.000,0.000,0,0,0,disabled,0,0,0,0,0,0,0,0,0,0,0,0,,0,,0,0,0.000,0.000,0,,0.000,0.000,0.000,0.000,0,0,0,,0,0,0,0.000,0,0,0.000,0.000,0.000,0.000,0.000,0.000,0.000,0,0,0,0,0,0,0,0,0,0,0,0,1.000,0.000,0.000,0,0,0.000,0,0,0,0.000,0.000,0.000,0.000,0.000,0.000,0.000,0.000,0.000,0,0,0,0,0,0,0,0,0.000,0.000,0.000,0.000,0.000,0.000,0,0.000,0.000,0,0,16,0.000,0.000,0.000,0.000,0.000,0,0,,0.000,0,0,0.000,0.000,0.000,0.000,0.000,,-1.000,1,0,0,0,0,150.532,0.000,0.000,0.000,0.000,0,0,0,0,0,0,0,,,0.000,0.000,0,0,,0,0,0,0,0,0,0,0,0,0,,0.000,0.000,0.000,0.000,0.000,0.000,120.000,,0.000,0,0.000,0.000,0.000,0.000,0.000,0.000,0.000,0.000,1,0,0,1,3,0.000,0.000,0.000,0.000,0.000,0.000,None,0,0,0,0.000,0,0,0,1,0.060,0.000,0.060,0,100,0,0,0,0,0,0
1.156,Custom_loss6_delay0-100_dup0_reorder6_burst0,Loopback,1,1,0,,,0.000,0,21,18,19.668,17.827,17.668,93.520,75.594,0.000,0.000,42.877,0.179,0.211,311,68,318,250,43,20,5,17,13,4,1,0,252,15,4,0,0,0,0,5.000,1,0,0,0,0,0,0,0,0,0,0,0,0,0,0,0.000,0.000,0.000,,14,14,112,0,1,92.210,117.976,93.322,118.256,0.000,0.000,13,13,183,19,3,0,39,45,20,1,fec-parity,pending,H.264,0,1,26,12,14,4,0,2,4,32,0,0,338,16,0,0,0,0,0,60.681,3,5,4,1,4,0,29.943,30.659,43.779,0,0,12,0,12,0,3,0,0.375,0.625,1.000,1.000,0.000,34.000,0.167,0.833,0.000,duplicate-guard,15,125,0,0,12,122,39,338,3,3,0,0,338,predicted-useful,fec-grace,70,0.538,5,12,0,0,0,0,0,0,0,0,0,2,36,2,36,0,0,0,jitter-ack-loss,0,0.717,0.339,108.339,0,0,0,0,0,0,0,0,36,46,4,0,1,9500000,1200000,0,0,0,387,387,463823,17,18715,1,1252,0,0,0,0,0,19.459,36.092,7374.312,4800.000,23,609,306,154,303,149,0.335,25.824,1.897,23,5732849,9287957,1.291,0.000,0.422,15.521,609,39,11,338,13,20,6,3,3,6,1,1,1,1,0,0,0,0,0,0,0,0,0,0,0,2,0,1,0,4,54,45,45,0,0,0,0,0,,disabled,,0,0,0,0,,1,Fixed Quality,Hybrid,85,30,9500,12000,640,360,H.264,480,270,518400,0,518400,30264,0.058,0.000,,0,0,0.000,4.691,0.000,3.992,0.676,7250,7250,7250,0,0,0,1,9500,1.000,0,19.459,0.000,0,0,0.000,0.000,0,0,0,0,0.250,0.750,0.000,1,0,0,disabled,0,0,0,2,7,2,5,0,6,6,0,4,async-output-pending,0,,0,0,0.000,0.000,0,,19.361,13225.812,39583.333,0.000,0,0,0,,1,0,0,0.000,1,0,0.666,0.185,0.479,0.000,0.000,0.000,0.000,0,0,1,1,1,0,0,1,1,0,0,0,1.000,0.000,0.000,30,0,0.000,0,0,0,0.000,0.000,0.000,0.000,0.000,0.000,0.000,0.000,10.026,0,0,0,0,0,0,0,0,0.000,0.000,0.000,0.000,0.000,0.000,0,0.103,17.827,13,14,112,93.197,119.105,18.646,119.105,895.140,12,1,H.264,110.138,0,0,117.976,118.256,0.993,24.239,108.999,arrival-gap-jitter-spike,261.280,0,1,1,1,1,1156.420,459.789,468.982,469.592,469.592,0,0,0,0,0,0,0,,,0.000,0.000,0,0,,0,0,0,0,0,0,0,0,0,0,,86.711,0.000,88.828,0.000,0.000,0.000,131.760,,0.001,18,0.000,91.069,3.581,0.088,0.754,0.529,0.000,0.225,1,0,0,1,3,0.173,19.668,17.827,42.877,17.668,1.000,RecoveryDeadline,1,1,0,0.000,2,2,2,1,0.060,0.000,0.060,0,100,0,388,314,32,0,20
2.157,Custom_loss6_delay0-100_dup0_reorder6_burst0,Loopback,1,1,0,,,0.000,0,21,46,20.878,20.866,21.031,110.238,93.842,83.238,83.238,20.474,0.069,0.220,1180,88,1102,1014,148,92,7,44,38,6,5,0,1016,39,11,0,0,0,0,5.000,1,0,0,0,0,0,0,0,0,0,0,0,0,0,0,0.000,0.000,0.000,,36,36,209,0,1,27.321,117.976,28.403,118.256,0.000,0.000,35,35,614,45,8,0,114,172,48,1,fec-recovered,pending,H.264,0,1,11,10,1,2,1,2,5,12,0,0,1225,0,0,0,0,0,0,74.276,6,7,6,3,6,0,44.556,28.123,43.779,0,0,19,0,19,0,7,0,0.462,0.538,1.000,1.000,0.000,37.000,0.250,0.750,0.000,duplicate-guard,49,506,0,0,37,490,114,1241,12,16,0,0,1241,predicted-useful,fec-grace,198,0.455,8,19,0,0,0,0,0,1,1,1,1,5,91,5,91,0,0,0,jitter-ack-loss,0,0.774,0.368,108.368,0,0,1,1,0,0,0,0,92,146,8,0,1,9500000,1200000,4,0,4,1297,1293,1565871,57,67595,30,36440,0,0,0,0,0,7.521,36.092,1230.562,4800.000,68,2277,1175,548,1102,554,0.318,2.961,1.512,68,4192982,7564801,1.359,0.000,0.418,9.548,2277,114,34,1241,25,83,6,8,8,16,1,1,1,1,0,0,0,0,0,0,0,0,0,0,0,7,0,1,0,4,213,172,172,0,0,0,0,0,,disabled,,0,0,0,0,,1,Fixed Quality,Hybrid,85,30,9500,12000,640,360,H.264,480,270,518400,28178,518400,28178,0.054,0.000,,0,0,0.000,2.023,0.000,0.000,0.070,6000,6750,6750,1,1,0,1,9500,0.820,1,14.008,0.000,0,0,0.000,0.000,0,0,0,0,0.316,0.684,0.000,1,0,0,fixed-pacing-queue-hold,24,0,0,4,11,4,7,0,10,10,0,4,large-au-observed,0,,0,0,17.652,23.729,0,,0.000,0.000,0.000,0.000,0,0,0,,2,0,0,5.734,0,50,0.070,0.000,0.000,0.070,0.000,0.048,0.006,1,1,1,1,0,1,1,0,0,0,0,0,1.000,0.000,0.000,24,0,0.000,0,0,0,0.000,0.000,0.000,0.000,0.000,0.000,0.000,1.945,9.941,0,0,0,0,0,0,0,0,0.000,0.000,0.000,0.000,0.000,0.000,0,0.094,20.866,35,36,209,27.494,119.105,18.646,119.105,895.140,12,1,H.264,110.138,0,0,117.976,118.256,0.993,24.239,108.999,arrival-gap-jitter-spike,1261.620,0,1,1,1,1,2156.760,459.789,468.982,469.592,469.592,0,0,0,0,0,0,0,,,0.000,0.000,0,0,,0,0,0,0,0,0,0,0,0,0,,96.558,0.000,99.021,0.000,0.000,0.000,120.000,,0.000,47,0.000,102.777,3.624,0.083,0.866,0.628,0.000,0.238,1,0,0,1,3,0.069,20.878,20.866,20.474,21.031,1.000,Jitter,1,1,0,0.000,2,1,1,1,0.060,0.000,0.060,0,100,0,1295,1184,76,0,70
3.160,Custom_loss6_delay0-100_dup0_reorder6_burst0,Loopback,1,1,0,,,0.000,0,21,71,15.706,13.960,11.957,110.045,96.082,63.669,73.453,1.289,0.080,0.270,1786,155,1692,1537,223,147,11,57,49,8,8,0,1539,54,20,0,0,0,0,5.000,1,0,0,0,0,0,0,0,0,0,0,0,0,0,0,0.000,0.000,0.000,,50,50,302,0,1,64.156,236.516,64.958,236.672,0.000,0.000,49,48,938,62,16,0,176,256,73,1,nack-sent,pending,H.264,0,1,22,13,9,4,2,2,5,25,0,0,1896,13,0,0,0,0,0,72.950,9,11,8,5,8,0,47.209,30.350,44.997,0,0,28,0,28,0,8,1,0.450,0.550,1.000,1.000,0.111,36.000,0.000,0.000,0.500,retransmit-late,88,758,0,0,54,708,176,1783,34,50,0,0,1783,predicted-useful,likely-arrival,297,0.045,11,28,0,0,0,0,0,1,1,1,1,8,136,8,136,0,0,0,pacing,1,0.792,8.095,116.095,0,0,1,1,0,0,0,0,137,226,12,0,1,9500000,1200000,11,0,11,1964,1953,2378800,94,113367,55,67580,0,0,0,0,0,0.531,36.092,1205.562,4800.000,103,3462,1773,894,1689,795,0.335,11.237,2.246,103,4899748,7557773,2.207,-19.569,0.522,8.450,3462,175,48,1774,40,129,6,16,16,28,2,3,2,1,1,0,0,0,0,0,0,0,0,0,0,14,0,1,0,4,320,256,256,0,0,0,0,0,,disabled,,0,0,0,0,,1,Fixed Quality,Hybrid,85,30,9500,12000,640,360,H.264,480,270,518400,26096,518400,26096,0.050,0.000,,0,0,0.000,1.800,0.000,0.000,0.085,6000,6250,6250,2,2,0,1,9500,0.820,1,11.579,0.000,0,0,0.000,0.000,0,0,0,0,0.321,0.679,0.000,1,0,0,latency-pressure-freshness-hold,22,0,0,7,18,7,9,2,15,15,0,4,large-au-observed,0,,0,0,14.994,21.976,0,,0.000,0.000,0.000,0.000,0,0,0,,3,0,0,6.008,0,75,0.084,0.000,0.000,0.084,0.000,0.058,0.008,1,1,1,1,0,1,1,0,0,0,1,0,0.860,143.583,0.000,26,0,0.000,0,0,0,0.000,0.000,0.000,0.000,0.000,0.000,0.000,1.707,10.117,0,0,0,0,0,0,0,0,0.000,0.000,0.000,0.000,0.000,0.000,0,0.104,13.961,49,50,302,65.323,237.480,18.646,237.480,2678.377,60,1,H.264,105.625,0,0,236.516,236.672,0.997,189.448,104.654,arrival-gap-jitter-spike,481.975,0,1,1,1,1,3160.352,459.789,468.982,469.592,469.592,0,0,1,0,0,1,1,latency-pressure freshness,latency-over-80ms,141.440,141.440,61,1,decoded,0,0,0,0,0,0,0,0,0,0,,100.924,0.000,103.672,0.000,0.000,0.000,135.023,stale-before-upload,0.001,71,0.000,108.339,6.199,0.094,0.302,0.001,0.000,0.301,1,0,0,1,3,0.080,15.706,13.960,1.289,11.957,1.000,Jitter,1,1,0,0.000,1,2,2,1,0.060,0.000,0.060,0,100,0,1956,1791,122,0,108
4.163,Custom_loss6_delay0-100_dup0_reorder6_burst0,Loopback,1,1,0,,,0.000,0,21,98,20.863,20.862,19.518,86.163,96.276,34.054,60.320,40.740,0.078,0.263,2448,208,2323,2115,297,190,14,84,73,11,9,0,2117,73,26,0,0,0,0,5.000,1,0,0,0,0,0,0,0,0,0,0,0,0,0,0,0.000,0.000,0.000,,69,69,399,0,1,6.284,236.516,7.191,236.672,0.000,0.000,68,66,1260,84,22,0,238,342,97,1,retransmit-late-after-completed,completed,H.264,1,1,23,23,0,0,0,3,0,0,1,0,2569,0,2569,0,2569,0,1,118.533,12,14,11,8,11,0,52.710,27.505,44.997,0,0,37,3,40,0,12,1,0.462,0.538,0.925,1.000,0.077,38.000,0.000,0.000,0.000,insufficient-sample,117,1032,0,0,74,971,238,2370,43,61,0,0,2370,predicted-useful,fec-grace,403,0.000,15,40,0,0,0,0,0,1,1,1,1,12,197,12,197,0,0,0,pacing,1,0.817,12.231,120.231,0,0,1,1,0,0,0,0,198,306,16,0,1,9500000,1200000,0,0,0,2655,2655,3244820,134,162871,78,96232,0,0,0,0,0,18.484,36.092,10334.625,4800.000,138,4741,2426,1171,2315,1144,0.326,30.080,0.588,138,4305512,6835128,2.244,-29.615,0.550,21.866,4741,238,67,2370,55,177,6,22,22,37,2,3,2,1,1,0,0,0,0,0,0,0,0,0,0,20,0,1,0,4,431,342,342,0,0,0,0,0,,disabled,,0,0,0,0,,1,Fixed Quality,Hybrid,85,30,9500,12000,640,360,H.264,480,270,518400,0,518400,27138,0.052,0.000,,0,0,0.000,5.385,0.000,4.526,0.793,7250,6500,6500,3,3,0,1,9500,1.000,0,18.484,0.000,0,0,0.000,0.000,0,0,0,0,0.300,0.600,0.100,1,0,0,disabled,0,0,0,11,25,11,12,2,20,20,0,4,async-output-pending,0,,0,0,0.000,0.000,0,,18.315,11342.000,39583.333,0.000,0,0,0,,4,0,0,0.000,1,0,0.783,0.240,0.541,0.000,0.000,0.000,0.000,0,0,1,1,1,0,0,1,1,0,0,0,1.000,0.000,0.000,30,0,0.000,0,0,0,0.000,0.000,0.000,0.000,0.000,0.000,0.000,0.000,20.628,0,0,0,0,0,0,0,0,0.000,0.000,0.000,0.000,0.000,0.000,0,0.090,20.862,68,69,399,7.281,237.480,18.646,237.480,2678.377,60,1,H.264,105.625,0,0,236.516,236.672,0.997,189.448,104.654,arrival-gap-jitter-spike,1485.158,0,1,1,1,1,4163.535,459.789,468.982,469.592,469.592,0,0,1,0,0,1,0,,,141.440,141.440,61,1,decoded,0,0,0,0,0,0,0,0,0,0,,98.535,0.000,101.227,5.544,0.000,95.476,128.082,stale-before-upload,0.001,97,0.000,108.938,4.742,0.078,0.640,0.374,0.000,0.265,1,0,0,1,3,0.079,20.863,20.862,40.740,19.518,1.000,RecoveryDeadline,1,1,0,0.667,3,2,2,1,0.060,0.000,0.060,0,100,0,2659,2451,165,0,145
5.171,Custom_loss6_delay0-100_dup0_reorder6_burst0,Loopback,1,1,0,,,0.000,0,21,126,23.420,23.418,24.436,97.841,97.463,13.724,48.671,0.345,0.069,0.244,3222,237,3032,2795,412,257,18,122,104,18,15,0,2797,96,31,0,0,0,0,5.000,0,0,0,0,0,0,0,0,0,0,0,0,0,0,0,0.000,0.000,0.000,,92,92,497,0,1,41.357,236.516,42.353,236.672,0.000,0.000,91,89,1670,114,28,0,313,462,126,1,completed,completed,H.264,0,1,24,24,0,4,4,2,11,23,0,0,3382,4,0,0,0,0,0,79.863,18,18,18,15,18,0,60.529,22.228,44.997,1,0,55,2,57,0,18,3,0.500,0.500,0.965,1.000,0.143,32.000,0.000,1.000,0.000,insufficient-sample,148,1381,0,0,96,1305,313,3184,52,76,0,0,3184,predicted-useful,fec-grace,525,0.000,22,57,0,0,0,0,0,1,1,1,1,19,308,19,308,0,0,0,pacing,1,0.775,13.066,121.066,0,0,1,1,0,0,0,0,309,395,20,0,1,9500000,1200000,0,0,0,3463,3463,4237738,180,219679,102,126128,0,0,0,0,0,17.711,36.092,6892.250,4800.000,182,6248,3216,1435,3032,1597,0.309,44.805,0.000,182,6604198,9875561,0.776,-20.330,0.489,23.091,6248,313,90,3184,70,237,6,27,27,48,3,7,4,1,2,0,0,0,0,0,0,0,0,0,0,24,0,1,0,4,569,462,462,0,0,0,0,0,,disabled,,0,0,0,0,,1,Fixed Quality,Hybrid,85,30,9500,12000,640,360,H.264,480,270,518400,28178,518400,28178,0.054,0.000,,0,0,0.000,1.923,0.000,0.000,0.061,7250,6750,6750,4,4,0,1,9500,1.000,0,17.711,0.000,0,0,0.000,0.000,0,0,0,0,0.316,0.649,0.035,1,0,0,disabled,24,0,0,15,32,15,13,4,25,25,0,4,large-au-observed,0,,0,0,12.003,23.729,0,,0.000,0.000,0.000,0.000,0,0,0,,5,0,0,3.270,0,128,0.061,0.000,0.000,0.061,0.000,0.041,0.006,1,1,1,1,0,1,1,0,0,0,1,0,0.860,0.585,0.000,26,0,0.000,0,0,0,0.000,0.000,0.000,0.000,0.000,0.000,0.000,1.855,7.235,0,0,0,0,0,0,0,0,0.000,0.000,0.000,0.000,0.000,0.000,0,0.113,23.418,91,92,497,42.369,237.480,18.646,237.480,2678.377,60,1,H.264,105.625,0,0,236.516,236.672,0.997,189.448,104.654,arrival-gap-jitter-spike,2492.398,0,1,1,1,1,5170.775,459.789,468.982,469.592,469.592,0,0,1,0,0,1,0,,,141.440,141.440,61,1,decoded,0,0,0,0,0,0,0,0,0,0,,99.278,0.000,102.142,4.044,0.000,106.069,128.921,stale-before-upload,0.001,125,0.000,106.534,4.158,0.078,0.913,0.702,0.000,0.211,1,0,0,1,3,0.069,23.420,23.418,0.345,24.436,1.000,RecoveryDeadline,0,1,0,2.000,1,2,2,1,0.060,0.000,0.060,0,100,0,3468,3227,201,0,195
6.177,Custom_loss6_delay0-100_dup0_reorder6_burst0,Loopback,1,1,0,,,0.000,0,21,154,20.757,20.755,21.682,91.632,98.080,67.558,52.449,40.551,0.068,0.253,4016,292,3783,3491,513,322,22,151,131,20,18,0,3493,115,39,0,0,0,0,5.000,0,0,0,0,0,0,0,0,0,0,0,0,0,0,0,0.000,0.000,0.000,,111,111,592,0,1,89.947,236.516,91.014,236.672,0.000,0.000,110,109,2071,135,36,0,385,574,155,1,fec-recovered,pending,H.264,1,1,24,21,3,4,4,3,11,36,1,0,4243,13,4292,2,0,0,0,75.020,24,22,20,17,20,0,62.387,23.125,44.997,1,0,67,4,71,0,24,4,0.522,0.478,0.944,1.000,0.143,40.000,0.000,0.000,0.000,insufficient-sample,184,1734,0,0,120,1640,385,3887,64,94,0,0,3886,predicted-useful,fec-grace,641,0.208,28,71,0,0,0,0,0,1,1,1,1,25,405,25,405,0,0,0,pacing,1,0.769,7.077,115.077,0,0,1,1,0,0,0,0,406,484,24,0,1,9500000,1200000,3,0,3,4317,4314,5280274,224,273841,130,161008,0,0,0,0,0,7.739,36.092,166.188,4800.000,227,7798,4015,1695,3783,2088,0.297,21.213,0.047,227,4909166,7840202,1.673,53.834,0.486,21.068,7798,385,109,3887,82,297,6,35,35,62,3,7,4,1,2,0,0,0,0,0,0,0,0,0,0,32,0,1,0,4,711,574,574,0,0,0,0,0,,disabled,,0,0,0,0,,1,Fixed Quality,Hybrid,85,30,9500,12000,640,360,H.264,480,270,518400,28178,518400,28178,0.054,0.000,,0,0,0.000,1.896,0.000,0.000,0.082,7250,6750,6750,4,4,0,1,9500,1.000,0,11.267,0.000,0,0,0.000,0.000,0,0,0,0,0.338,0.606,0.056,1,0,0,disabled,24,0,0,17,38,17,17,4,29,29,0,4,large-au-observed,0,,0,0,14.600,23.729,0,,0.000,0.000,0.000,0.000,0,0,0,,6,0,0,6.324,0,157,0.082,0.000,0.000,0.081,0.000,0.055,0.009,1,1,1,1,0,1,1,0,0,0,1,0,0.860,141.667,0.000,26,0,0.000,0,0,0,0.000,0.000,0.000,0.000,0.000,0.000,0.000,1.804,10.321,0,0,0,0,0,0,0,0,0.000,0.000,0.000,0.000,0.000,0.000,0,0.102,20.755,110,111,592,90.995,237.480,18.646,237.480,2678.377,60,1,H.264,105.625,0,0,236.516,236.672,0.997,189.448,104.654,arrival-gap-jitter-spike,3498.552,0,1,1,1,1,6176.929,459.789,468.982,469.592,469.592,0,0,1,0,0,1,0,,,141.440,141.440,61,1,decoded,0,0,0,0,0,0,0,0,0,0,,101.049,0.000,104.000,0.000,0.000,0.000,130.816,stale-before-upload,0.001,154,0.000,109.306,5.150,0.095,0.265,0.001,0.000,0.264,1,0,0,1,3,0.068,20.757,20.755,40.551,21.682,1.000,RecoveryDeadline,0,1,0,1.000,0,1,1,1,0.060,0.000,0.060,0,100,0,4320,4022,250,0,237
7.184,Custom_loss6_delay0-100_dup0_reorder6_burst0,Loopback,1,1,0,,,0.000,0,21,181,18.839,18.838,23.016,103.984,98.356,67.279,54.920,73.622,0.066,0.260,4802,340,4517,4177,614,380,28,182,158,24,24,0,4179,134,47,0,0,0,0,5.000,0,0,0,0,0,0,0,0,0,0,0,0,0,0,0,0.000,0.000,0.000,,130,130,685,0,1,125.698,236.516,126.702,236.672,0.000,0.000,129,128,2457,158,44,0,451,683,183,1,fec-recovered,pending,H.264,0,1,24,16,8,3,2,1,2,11,0,0,5089,1,0,0,0,0,0,61.303,28,28,24,21,24,0,63.289,26.210,123.390,1,0,81,4,85,0,29,5,0.500,0.500,0.953,1.000,0.147,44.000,1.000,0.000,0.000,insufficient-sample,219,2026,0,0,143,1914,451,4469,76,112,0,0,4467,predicted-useful,fec-grace,749,0.458,34,85,0,0,0,0,0,1,1,1,1,31,513,31,513,0,0,0,pacing,1,0.833,9.403,117.403,0,0,1,1,0,0,0,0,514,566,28,0,1,9500000,1200000,12,0,12,5171,5159,6315970,268,328003,156,192778,0,0,0,0,0,0.569,36.092,836.688,4800.000,269,9288,4778,1993,4510,2517,0.294,2.443,1.261,269,5458689,8310062,2.103,43.011,0.516,21.434,9288,451,128,4469,94,351,6,43,43,79,3,7,4,1,2,0,0,0,0,0,0,0,0,0,0,40,0,1,0,4,846,683,683,0,0,0,0,0,,disabled,,0,0,0,0,,1,Fixed Quality,Hybrid,85,30,9500,12000,640,360,H.264,480,270,518400,28176,518400,28176,0.054,0.000,,0,0,0.000,1.944,0.000,0.000,0.067,7250,6750,6750,4,4,0,1,9500,1.000,0,13.834,0.000,0,0,0.000,0.000,0,0,0,0,0.329,0.624,0.047,1,0,0,disabled,24,0,0,19,43,19,19,5,33,33,0,4,large-au-observed,0,,0,0,17.437,23.727,0,,0.000,0.000,0.000,0.000,0,0,0,,7,0,0,6.090,0,185,0.066,0.000,0.000,0.066,0.000,0.044,0.007,1,1,1,1,0,1,1,0,0,0,0,0,1.000,0.000,0.000,30,0,0.000,0,0,0,0.000,0.000,0.000,0.000,0.000,0.000,0.000,1.869,10.147,0,0,0,0,0,0,0,0,0.000,0.000,0.000,0.000,0.000,0.000,0,0.093,18.838,129,130,685,126.656,237.480,18.646,237.480,2678.377,60,1,H.264,105.625,0,0,236.516,236.672,0.997,189.448,104.654,arrival-gap-jitter-spike,4505.736,0,1,1,1,1,7184.113,459.789,468.982,469.592,469.592,0,0,1,0,0,1,0,,,141.440,141.440,61,1,decoded,0,0,0,0,0,0,0,0,0,0,,102.015,0.000,104.913,0.000,0.000,0.000,136.992,stale-before-upload,0.001,181,0.000,109.897,4.841,0.078,0.914,0.640,0.000,0.275,1,0,0,1,3,0.066,18.839,18.838,73.622,23.016,2.000,Jitter,0,1,0,1.000,0,3,3,1,0.060,0.000,0.060,0,100,0,5166,4813,307,0,290
8.191,Custom_loss6_delay0-100_dup0_reorder6_burst0,Loopback,1,1,0,,,0.000,0,21,209,20.905,20.910,14.308,89.113,98.590,14.184,49.101,12.394,0.064,0.268,5501,378,5156,4778,709,432,33,215,189,26,29,0,4780,153,56,0,0,0,0,5.000,0,0,0,0,0,0,0,0,0,0,0,0,0,0,0,0.000,0.000,0.000,,149,149,777,0,1,34.451,236.516,35.442,236.672,0.000,0.000,148,146,2846,179,53,0,516,795,210,1,nack-sent,pending,H.264,0,1,22,10,12,3,0,1,0,12,0,0,5864,11,0,0,0,0,0,54.691,32,33,26,23,26,0,63.913,25.573,123.390,1,0,92,9,101,0,31,8,0.492,0.508,0.911,1.000,0.205,42.000,1.000,0.000,1.000,insufficient-sample,259,2332,0,0,165,2195,516,5081,94,137,0,0,5078,predicted-useful,fec-grace,855,0.000,42,101,0,0,0,0,0,3,3,3,3,39,649,39,649,0,0,0,pacing,1,0.846,11.083,119.083,0,0,3,3,0,0,0,0,652,643,32,0,1,9500000,1200000,2,0,2,5901,5899,7222897,314,384651,181,223926,0,0,0,0,0,7.425,36.092,815.438,4800.000,307,10637,5481,2265,5156,2891,0.292,37.124,0.000,307,5310271,7996856,1.027,23.790,0.475,14.916,10637,516,146,5081,106,402,8,52,52,94,5,12,3,1,4,0,0,0,0,0,0,0,0,0,0,46,1,1,0,4,979,795,795,0,0,0,0,0,,disabled,,0,0,0,0,,1,Fixed Quality,Hybrid,85,30,9500,12000,640,360,H.264,480,270,518400,26094,518400,26094,0.050,0.000,,0,0,0.000,1.898,0.000,0.000,0.103,6000,6250,6250,5,5,0,1,9500,0.820,1,11.238,0.000,0,0,0.000,0.000,0,0,0,0,0.317,0.594,0.089,1,0,0,fixed-pacing-queue-hold,22,0,0,21,47,21,21,5,37,37,0,4,large-au-observed,0,,0,0,14.942,21.974,0,,0.000,0.000,0.000,0.000,0,0,0,,8,0,0,13.369,0,211,0.103,0.000,0.000,0.102,0.000,0.073,0.008,1,1,1,1,0,1,1,0,0,0,1,0,0.860,179.996,0.000,24,0,0.000,0,0,0,0.000,0.000,0.000,0.000,0.000,0.000,0.000,1.783,10.334,0,0,0,0,0,0,0,0,0.000,0.000,0.000,0.000,0.000,0.000,0,0.093,20.910,148,149,777,35.482,237.480,18.646,237.480,2678.377,60,1,H.264,105.625,0,0,236.516,236.672,0.997,189.448,104.654,arrival-gap-jitter-spike,5512.472,0,1,1,1,1,8190.849,459.789,468.982,469.592,469.592,0,0,2,0,0,2,1,latency-pressure freshness,latency-over-80ms,122.529,141.440,200,1,decoded,0,0,0,0,0,0,0,0,0,0,,97.464,0.000,100.007,0.000,0.000,0.000,124.556,stale-before-upload,0.001,209,0.000,101.644,2.106,0.086,0.840,0.616,0.000,0.224,1,0,0,1,3,0.064,20.905,20.910,12.394,14.308,1.000,Loss,0,1,0,0.000,1,1,1,1,0.060,0.000,0.060,0,100,0,5907,5512,355,0,332
9.195,Custom_loss6_delay0-100_dup0_reorder6_burst0,Loopback,1,1,0,,,0.000,0,21,233,18.892,18.890,19.393,105.654,98.770,43.606,48.414,38.971,0.067,0.251,6097,438,5722,5284,787,476,34,247,216,31,30,0,5286,173,58,0,0,0,0,5.000,0,0,0,0,0,0,0,0,0,0,0,0,0,0,0,0.000,0.000,0.000,,169,169,873,0,1,90.877,236.516,91.904,236.672,0.000,0.000,168,165,3166,204,55,0,574,885,233,1,retransmit-late-after-completed,completed,H.264,1,1,22,22,0,0,0,3,0,0,1,0,6477,1,6477,1,6477,1,1,88.326,37,34,31,28,31,0,64.294,27.262,123.390,1,0,103,10,113,0,35,8,0.521,0.479,0.912,1.000,0.186,35.000,0.000,1.000,0.000,insufficient-sample,287,2569,0,0,183,2421,574,5635,104,148,0,0,5632,predicted-useful,fec-grace,954,0.609,46,113,0,0,0,0,0,3,3,3,3,43,717,43,717,0,0,0,pacing,1,0.881,13.591,121.591,0,0,3,3,0,0,0,0,720,715,36,0,1,9500000,1200000,0,0,0,6531,6531,8003415,354,434155,205,253518,0,0,0,0,0,15.664,36.092,7174.312,4800.000,341,11787,6089,2524,5698,3174,0.293,35.749,0.110,341,3654154,6009301,1.468,24.916,0.458,12.433,11787,574,166,5635,118,448,8,54,54,97,5,12,3,1,4,0,0,0,0,0,0,0,0,0,0,48,1,1,0,4,1090,885,885,0,0,0,0,0,,disabled,,0,0,0,0,,1,Fixed Quality,Hybrid,85,30,9500,12000,640,360,H.264,480,270,518400,27136,518400,27136,0.052,0.000,,0,0,0.000,1.782,0.000,0.000,0.083,7000,6500,6500,6,6,0,1,9500,0.978,1,15.664,0.000,0,0,0.000,0.000,0,0,0,0,0.327,0.575,0.097,1,0,0,fixed-pacing-queue-hold,23,0,0,23,53,23,25,5,41,41,0,4,large-au-observed,0,,0,0,0.087,22.851,0,,0.000,0.000,0.000,0.000,0,0,0,,9,0,0,3.818,0,235,0.082,0.000,0.000,0.082,0.000,0.058,0.007,1,1,1,1,0,1,1,0,0,0,0,0,1.000,0.000,0.000,24,0,0.000,0,0,0,0.000,0.000,0.000,0.000,0.000,0.000,0.000,1.692,7.770,0,0,0,0,0,0,0,0,0.000,0.000,0.000,0.000,0.000,0.000,0,0.106,18.890,168,169,873,92.095,237.480,18.646,237.480,2678.377,60,1,H.264,105.625,0,0,236.516,236.672,0.997,189.448,104.654,arrival-gap-jitter-spike,6516.339,0,1,1,1,1,9194.716,459.789,468.982,469.592,469.592,0,0,2,0,0,2,0,,,122.529,141.440,200,1,decoded,0,0,0,0,0,0,0,0,0,0,,100.009,0.000,102.584,4.082,0.000,113.766,137.827,stale-before-upload,0.001,231,0.000,105.918,4.965,0.077,0.274,0.001,0.000,0.273,1,0,0,1,3,0.067,18.892,18.890,38.971,19.393,1.000,RecoveryDeadline,0,1,0,1.000,0,1,1,1,0.060,0.000,0.060,0,100,0,6540,6111,388,0,370
10.198,Custom_loss6_delay0-100_dup0_reorder6_burst0,Loopback,1,1,0,,,0.000,0,21,260,28.085,28.081,21.534,100.940,99.624,97.589,53.878,12.707,0.063,0.239,6913,464,6469,6005,902,547,44,277,243,34,34,0,6007,197,62,0,0,0,0,5.000,0,0,0,0,0,0,0,0,0,0,0,0,0,0,0,0.000,0.000,0.000,,192,192,966,0,1,47.309,236.516,48.314,236.672,0.000,0.000,191,189,3589,231,58,0,641,1012,263,1,nack-suppressed-fec-grace,pending,H.264,0,1,24,15,9,3,1,0,0,0,0,0,7356,19,0,0,0,0,0,48.584,38,44,34,31,34,0,65.711,26.315,123.390,1,0,117,9,126,0,38,8,0.463,0.537,0.929,1.000,0.174,44.000,0.000,0.000,0.000,insufficient-sample,327,2917,0,0,207,2744,641,6270,120,173,0,0,6267,predicted-useful,fec-grace,1071,0.217,51,126,0,3,0,0,0,3,3,3,3,49,815,49,815,0,0,0,pacing,1,0.809,10.023,118.023,0,0,3,3,0,0,0,0,821,801,40,0,1,9500000,1200000,0,0,0,7387,7387,9056167,396,485987,229,282950,0,0,0,0,0,11.617,36.092,1390.562,4800.000,384,13356,6898,2879,6458,3579,0.294,2.270,1.495,384,6889372,10303016,1.462,30.730,0.402,7.393,13356,641,190,6270,133,500,8,57,57,101,5,12,3,1,4,0,0,0,0,0,0,0,0,0,0,51,1,1,0,4,1238,1012,1012,0,0,0,0,0,,disabled,,0,0,0,0,,1,Fixed Quality,Hybrid,85,30,9500,12000,640,360,H.264,480,270,518400,28178,518400,28178,0.054,0.000,,0,0,0.000,1.899,0.000,0.000,0.081,7250,6750,6750,7,7,0,1,9500,1.000,0,11.617,0.000,0,0,0.000,0.000,0,0,0,0,0.302,0.627,0.071,1,0,0,disabled,24,0,0,25,59,25,27,7,46,46,0,4,large-au-observed,0,,0,0,11.046,23.729,0,,0.000,0.000,0.000,0.000,0,0,0,,10,0,0,3.826,0,264,0.081,0.000,0.000,0.080,0.000,0.056,0.008,1,1,1,1,0,1,1,0,0,0,0,0,1.000,0.000,0.000,30,0,0.000,0,0,0,0.000,0.000,0.000,0.000,0.000,0.000,0.000,1.810,24.120,0,0,0,0,0,0,0,0,0.000,0.000,0.000,0.000,0.000,0.000,0,0.093,28.081,191,192,966,48.329,237.480,18.646,237.480,2678.377,60,1,H.264,105.625,0,0,236.516,236.672,0.997,189.448,104.654,arrival-gap-jitter-spike,7519.514,0,1,1,1,1,10197.891,459.789,468.982,469.592,469.592,0,0,2,0,0,2,0,,,122.529,141.440,200,1,decoded,0,0,0,0,0,0,0,0,0,0,,100.344,0.000,103.011,0.000,0.000,0.000,130.470,stale-before-upload,0.001,260,0.000,109.299,6.190,0.078,0.834,0.595,0.000,0.238,1,0,0,1,3,0.063,28.085,28.081,12.707,21.534,1.000,Loss,0,1,0,0.500,2,1,1,1,0.060,0.000,0.060,0,100,0,7397,6926,430,0,427
11.198,Custom_loss6_delay0-100_dup0_reorder6_burst0,Loopback,1,1,0,,,0.000,0,21,289,16.637,16.634,19.732,89.751,100.186,97.589,53.878,45.523,0.063,0.242,7706,522,7216,6694,991,599,49,307,273,34,36,0,6696,219,70,0,0,0,0,5.000,0,0,0,0,0,0,0,0,0,0,0,0,0,0,0,0.000,0.000,0.000,,213,213,1057,0,1,13.581,236.516,14.585,236.672,0.000,0.000,212,210,3985,253,65,0,712,1126,290,1,fec-recovered,pending,H.264,1,1,24,23,1,3,3,3,15,36,0,0,8169,12,0,0,0,0,0,85.701,42,49,34,31,34,0,65.711,26.315,123.390,1,0,126,17,143,0,40,9,0.462,0.538,0.881,1.000,0.184,44.000,0.000,0.000,1.000,insufficient-sample,361,3207,0,0,231,3022,712,6846,130,185,0,0,6842,predicted-useful,likely-arrival,1190,0.583,58,143,0,3,0,0,0,3,3,3,3,56,931,56,931,0,0,0,pacing,1,0.787,7.265,115.265,0,0,3,3,0,0,0,0,937,889,44,0,1,9500000,1200000,5,0,5,8244,8239,10099931,443,543881,257,317830,0,0,0,0,0,6.962,36.092,1037.312,4599.650,429,14913,7700,3218,7213,3995,0.295,16.658,1.805,429,5380699,8602397,1.312,30.730,0.469,11.508,14913,712,212,6846,143,561,8,64,64,110,6,13,1,2,4,0,0,0,0,0,0,0,0,0,0,57,1,1,0,4,1377,1126,1126,0,0,0,0,0,,disabled,,0,0,0,0,,1,Fixed Quality,Hybrid,85,30,9500,12000,640,360,H.264,480,270,518400,28176,518400,28176,0.054,0.000,,0,0,0.000,1.968,0.000,0.000,0.085,7250,6750,6750,7,7,0,1,9500,1.000,0,17.132,0.000,0,0,0.000,0.000,0,0,0,0,0.294,0.587,0.119,1,0,0,disabled,24,0,0,27,63,27,29,7,50,50,0,4,large-au-observed,0,,0,0,20.949,23.727,0,,0.000,0.000,0.000,0.000,0,0,0,,11,0,0,5.933,0,292,0.085,0.000,0.000,0.084,0.000,0.057,0.009,1,1,1,1,0,1,1,0,0,0,0,0,1.000,0.000,0.000,30,0,0.000,0,0,0,0.000,0.000,0.000,0.000,0.000,0.000,0.000,1.873,10.262,0,0,0,0,0,0,0,0,0.000,0.000,0.000,0.000,0.000,0.000,0,0.103,16.634,212,213,1057,14.610,237.480,18.646,237.480,2678.377,60,1,H.264,105.625,0,0,236.516,236.672,0.997,189.448,104.654,arrival-gap-jitter-spike,8520.108,0,1,1,1,1,11198.485,459.789,468.982,469.592,469.592,0,0,2,0,0,2,0,,,122.529,141.440,200,1,decoded,0,0,0,0,0,0,0,0,0,0,,101.522,0.000,104.267,0.000,0.000,0.000,129.875,stale-before-upload,0.001,289,0.000,108.100,3.726,0.076,0.764,0.513,0.000,0.251,1,0,0,1,3,0.063,16.637,16.634,45.523,19.732,1.000,Jitter,0,1,0,1.000,1,1,1,1,0.060,0.000,0.060,0,100,0,8250,7720,484,0,463
12.199,Custom_loss6_delay0-100_dup0_reorder6_burst0,Loopback,1,1,0,,,0.000,0,21,316,15.485,15.492,17.544,109.180,100.457,80.565,56.547,58.256,0.065,0.253,8457,587,7943,7356,1095,657,53,338,297,41,47,0,7358,236,80,0,0,0,0,5.000,0,0,0,0,0,0,0,0,0,0,0,0,0,0,0,0.000,0.000,0.000,,230,230,1150,0,1,121.777,236.516,122.835,236.672,0.000,0.000,229,227,4385,277,75,0,775,1234,318,1,nack-sent,pending,H.264,1,1,24,8,16,3,1,2,1,34,0,0,9004,18,0,0,0,0,0,49.011,46,53,41,38,41,0,64.955,27.455,123.390,1,0,141,15,156,0,48,9,0.465,0.535,0.904,1.000,0.158,45.000,0.000,1.000,0.000,duplicate-guard,407,3534,0,0,253,3310,775,7393,154,224,0,0,7388,predicted-useful,likely-arrival,1289,0.000,63,156,0,3,0,0,0,3,3,3,3,61,1009,61,1009,0,0,0,pacing,1,0.771,9.648,117.648,0,0,3,3,0,0,0,0,1015,963,48,0,1,9500000,1200000,4,0,4,9037,9033,11072743,486,596799,283,349600,0,0,0,0,0,7.399,36.092,1086.875,2955.150,470,16379,8450,3554,7929,4375,0.296,63.004,4.589,470,3688424,6674302,2.291,21.179,0.479,24.015,16379,774,229,7377,155,611,8,74,74,127,6,13,1,2,4,0,0,0,0,0,0,0,0,0,0,67,1,1,0,4,1518,1234,1234,0,0,0,0,0,,disabled,,0,0,0,0,,1,Fixed Quality,Hybrid,85,30,9500,12000,640,360,H.264,480,270,518400,28178,518400,28178,0.054,0.000,,0,0,0.000,2.477,0.000,0.000,0.077,7250,6750,6750,7,7,0,1,9500,1.000,0,9.275,0.000,0,0,0.000,0.000,0,0,0,0,0.295,0.609,0.096,1,0,0,disabled,24,1,1,29,72,29,33,10,55,55,2,4,decoder-sync-observed,0,,0,0,0.064,23.729,0,,0.000,0.000,0.000,0.000,0,0,0,,12,0,0,5.995,0,319,0.077,0.000,0.000,0.076,0.000,0.055,0.006,1,1,1,1,0,1,1,0,0,0,0,0,1.000,0.000,0.000,30,0,0.000,0,0,0,0.000,0.000,0.000,0.000,0.000,0.000,0.000,2.391,10.206,0,0,0,0,0,0,0,0,0.000,0.000,0.000,0.000,0.000,0.000,0,0.096,15.492,229,230,1150,122.722,237.480,18.646,237.480,2678.377,60,1,H.264,105.625,0,0,236.516,236.672,0.997,189.448,104.654,arrival-gap-jitter-spike,9520.950,0,1,1,1,1,12199.327,459.789,468.982,469.592,469.592,0,0,2,0,0,2,0,,,122.529,141.440,200,1,decoded,0,0,0,0,0,0,0,0,0,0,,105.156,0.000,107.947,0.000,0.000,0.000,139.590,stale-before-upload,0.001,316,0.000,112.769,4.716,0.081,0.301,0.001,0.000,0.300,1,0,0,1,3,0.065,15.485,15.492,58.256,17.544,2.000,Jitter,0,1,0,0.000,1,1,1,1,0.060,0.000,0.060,0,100,0,9045,8470,532,0,514
13.204,Custom_loss6_delay0-100_dup0_reorder6_burst0,Loopback,1,1,0,,,0.000,0,21,345,17.120,17.105,23.384,101.840,101.029,41.964,55.221,20.135,0.063,0.250,9224,617,8642,8025,1181,714,56,359,315,44,52,0,8028,258,86,0,0,0,0,5.000,0,0,0,0,0,0,0,0,0,0,0,0,0,0,0,0.000,0.000,0.000,,251,251,1238,0,1,37.242,236.516,38.276,236.672,0.000,0.000,250,248,4760,302,80,0,840,1342,347,1,nack-sent,pending,H.264,1,1,24,8,16,4,0,2,4,36,0,0,9826,19,0,0,0,0,0,41.052,48,56,44,41,44,0,65.430,26.529,123.390,1,0,149,17,166,0,50,9,0.462,0.538,0.898,1.000,0.153,43.000,0.000,0.000,0.000,insufficient-sample,445,3867,0,0,276,3622,840,8024,169,245,0,0,8018,predicted-useful,fec-grace,1401,0.000,67,166,0,3,0,0,0,4,4,4,4,65,1069,65,1069,0,0,0,pacing,1,0.759,7.089,115.089,0,0,4,4,0,0,0,0,1076,1049,52,0,1,9500000,1200000,3,0,3,9857,9854,12078567,526,645985,309,381992,0,0,0,0,0,8.340,36.092,784.875,2632.950,511,17838,9202,3934,8636,4702,0.299,22.081,0.054,511,4543859,7594249,1.395,9.223,0.463,12.438,17838,840,251,8024,168,664,8,79,79,137,7,17,4,2,5,0,0,0,0,0,0,0,0,0,0,71,1,1,0,4,1647,1342,1342,0,0,0,0,0,,disabled,,0,0,0,0,,1,Fixed Quality,Hybrid,85,30,9500,12000,640,360,H.264,480,270,518400,28178,518400,28178,0.054,0.000,,0,0,0.000,1.987,0.000,0.000,0.072,7250,6750,6750,7,7,0,1,9500,1.000,0,8.340,0.000,0,0,0.000,0.000,0,0,0,0,0.289,0.608,0.102,1,0,0,disabled,24,1,1,31,78,31,37,10,59,59,2,4,decoder-sync-observed,0,,0,0,0.215,23.729,0,,0.000,0.000,0.000,0.000,0,0,0,,13,0,0,6.453,0,348,0.071,0.000,0.000,0.071,0.000,0.048,0.007,1,1,1,1,0,1,1,0,0,0,0,0,1.000,0.000,0.000,30,0,0.000,0,0,0,0.000,0.000,0.000,0.000,0.000,0.000,0.000,1.907,10.408,0,0,0,0,0,0,0,0,0.000,0.000,0.000,0.000,0.000,0.000,0,0.100,17.105,250,251,1238,38.322,237.480,18.646,237.480,2678.377,60,1,H.264,105.625,0,0,236.516,236.672,0.997,189.448,104.654,arrival-gap-jitter-spike,10525.916,0,1,1,1,1,13204.293,459.789,468.982,469.592,469.592,0,0,2,0,0,2,0,,,122.529,141.440,200,1,decoded,0,0,0,0,0,0,0,0,0,0,,105.530,0.000,108.401,0.000,0.000,0.000,130.920,stale-before-upload,0.001,345,0.000,112.329,3.824,0.077,0.813,0.580,0.000,0.233,1,0,0,1,3,0.063,17.120,17.105,20.135,23.384,1.000,Loss,0,1,0,0.000,4,3,3,1,0.060,0.000,0.060,0,100,0,9867,9241,586,0,554
14.204,Custom_loss6_delay0-100_dup0_reorder6_burst0,Loopback,1,1,0,,,0.000,0,21,374,19.201,19.198,15.094,96.006,101.086,85.530,57.747,13.486,0.065,0.263,10070,699,9449,8750,1290,780,66,386,340,46,58,0,8752,274,98,0,0,0,0,5.000,0,0,0,0,0,0,0,0,0,0,0,0,0,0,0,0.000,0.000,0.000,,267,267,1332,0,1,37.397,236.516,38.596,236.672,0.000,0.000,266,264,5178,320,92,0,913,1457,377,1,nack-suppressed-fec-grace,pending,H.264,0,1,24,8,16,2,1,0,0,0,0,0,10745,21,0,0,0,0,0,46.985,51,66,46,43,46,0,65.305,26.302,123.390,1,0,164,16,180,0,51,10,0.436,0.564,0.911,1.000,0.164,44.000,0.000,1.000,1.000,insufficient-sample,489,4240,0,0,302,3967,913,8695,187,273,0,0,8689,deferred-likely-arrival,fec-grace,1519,0.375,73,180,0,3,0,0,0,5,5,5,5,71,1165,71,1165,0,0,0,pacing,1,0.786,7.752,115.752,0,0,5,5,0,0,0,0,1173,1142,56,0,1,9500000,1200000,3,0,3,10771,10768,13198351,570,700147,334,413132,0,0,0,0,0,8.472,36.092,1179.125,4800.000,557,19508,10059,4365,9449,5084,0.303,26.744,0.688,557,5762328,9602690,1.670,16.092,0.513,18.108,19508,913,267,8695,181,724,8,91,91,163,10,24,2,3,7,0,0,0,0,0,0,0,0,0,0,80,1,1,0,4,1790,1457,1457,0,0,0,0,0,,disabled,,0,0,0,0,,1,Fixed Quality,Hybrid,85,30,9500,12000,640,360,H.264,480,270,518400,28178,518400,28178,0.054,0.000,,0,0,0.000,1.898,0.000,0.000,0.072,7250,6750,6750,7,7,0,1,9500,1.000,0,8.472,0.000,0,0,0.000,0.000,0,0,0,0,0.283,0.628,0.089,1,0,0,disabled,24,1,1,33,84,33,39,12,63,63,1,4,decoder-sync-observed,0,,0,0,0.020,23.729,0,,0.000,0.000,0.000,0.000,0,0,0,,14,0,0,6.108,0,378,0.071,0.000,0.000,0.071,0.000,0.049,0.007,1,1,1,1,0,1,1,0,0,0,0,0,1.000,0.000,0.000,30,0,0.000,0,0,0,0.000,0.000,0.000,0.000,0.000,0.000,0.000,1.794,10.128,0,0,0,0,0,0,0,0,0.000,0.000,0.000,0.000,0.000,0.000,0,0.108,19.198,266,267,1332,39.103,237.480,18.646,237.480,2678.377,60,1,H.264,105.625,0,0,236.516,236.672,0.997,189.448,104.654,arrival-gap-jitter-spike,11525.978,0,1,1,1,1,14204.355,459.789,468.982,469.592,469.592,0,0,2,0,0,2,0,,,122.529,141.440,200,1,decoded,0,0,0,0,0,0,0,0,0,0,,102.272,0.000,105.049,0.000,0.000,0.000,128.003,stale-before-upload,0.000,374,0.000,110.154,4.990,0.076,0.516,0.265,0.000,0.251,1,0,0,1,3,0.065,19.201,19.198,13.486,15.094,1.000,Loss,0,1,0,1.000,0,2,2,1,0.060,0.000,0.060,0,100,0,10782,10087,648,0,616
15.204,Custom_loss6_delay0-100_dup0_reorder6_burst0,Loopback,1,1,0,,,0.000,0,21,403,25.988,25.996,17.199,95.962,101.320,33.043,55.846,24.790,0.063,0.262,10865,734,10168,9434,1379,837,67,413,362,51,62,0,9436,296,105,0,0,0,0,5.000,0,0,0,0,0,0,0,0,0,0,0,0,0,0,0,0.000,0.000,0.000,,289,289,1428,0,1,31.772,236.516,32.784,236.672,0.000,0.000,288,286,5571,347,99,0,981,1566,404,1,fec-parity,pending,H.264,0,1,24,22,2,4,3,1,5,10,0,0,11560,17,0,0,0,0,0,66.061,53,67,51,48,51,0,65.781,26.114,123.390,1,0,172,15,187,0,55,10,0.442,0.558,0.920,1.000,0.154,45.000,0.250,0.750,0.000,duplicate-guard,533,4563,0,0,325,4256,981,9312,208,307,0,0,9306,predicted-useful,likely-arrival,1634,0.000,76,187,0,3,0,0,0,5,5,5,5,74,1214,74,1214,0,0,0,pacing,1,0.795,7.218,115.218,0,0,5,5,0,0,0,0,1222,1232,60,1,1,9500000,1200000,0,0,0,11588,11588,14202947,607,745599,360,444892,0,0,0,0,0,13.189,36.092,3479.375,4800.000,599,21018,10855,4731,10163,5432,0.304,3.280,1.183,599,5561723,9125448,1.057,2.376,0.456,7.443,21018,981,289,9312,193,780,8,98,98,174,11,25,1,4,7,0,0,0,0,0,0,0,0,0,0,86,1,1,0,4,1925,1566,1566,0,0,0,0,0,,disabled,,0,0,0,0,,1,Fixed Quality,Hybrid,85,30,9500,12000,640,360,H.264,480,270,518400,0,518400,28178,0.054,0.000,,0,0,0.000,1.910,0.000,0.000,0.100,7250,6750,6750,7,7,0,1,9500,1.000,0,13.189,0.000,0,0,0.000,0.000,0,0,0,0,0.283,0.636,0.080,1,0,0,disabled,0,0,0,35,87,35,40,12,66,66,0,4,async-output-pending,0,,0,0,0.000,0.000,0,,0.000,0.000,0.000,0.000,0,0,0,,15,0,0,5.823,0,406,0.099,0.000,0.000,0.099,0.000,0.069,0.010,1,1,1,1,0,1,1,0,1,0,0,0,1.000,0.000,0.000,30,0,0.000,0,0,0,0.000,0.000,0.000,0.000,0.000,0.000,0.000,0.000,10.355,0,0,0,0,0,0,0,0,0.000,0.000,0.000,0.000,0.000,0.000,0,0.102,25.996,288,289,1428,32.800,237.480,18.646,237.480,2678.377,60,1,H.264,105.625,0,0,236.516,236.672,0.997,189.448,104.654,arrival-gap-jitter-spike,12526.265,0,1,1,1,1,15204.642,459.789,468.982,469.592,469.592,0,0,2,0,0,2,0,,,122.529,141.440,200,1,decoded,0,0,0,0,0,0,0,0,0,0,,103.794,0.000,106.567,0.000,0.000,0.000,127.981,stale-before-upload,0.001,403,0.000,112.318,5.644,0.089,0.267,0.001,0.000,0.267,1,0,0,1,3,0.063,25.988,25.996,24.790,17.199,1.000,Loss,0,1,0,1.000,3,3,3,1,0.060,0.000,0.060,0,100,0,11603,10880,697,0,660
16.205,Custom_loss6_delay0-100_dup0_reorder6_burst0,Loopback,1,1,0,,,0.000,0,21,432,15.160,15.159,19.994,92.379,101.305,66.807,56.629,15.679,0.065,0.268,11655,811,10934,10123,1480,893,75,439,386,53,73,0,10125,314,115,0,0,0,0,5.000,0,0,0,0,0,0,0,0,0,0,0,0,0,0,0,0.000,0.000,0.000,,307,307,1519,0,1,80.694,236.516,81.643,236.672,0.000,0.000,306,304,5960,367,109,0,1051,1674,433,1,nack-sent,pending,H.264,0,1,24,14,10,2,1,2,4,24,0,0,12408,11,0,0,0,0,0,73.721,54,75,53,50,53,0,66.037,26.490,123.390,1,0,183,17,200,0,56,10,0.419,0.581,0.915,1.000,0.152,45.000,0.200,0.800,0.000,duplicate-guard,571,4881,0,0,348,4553,1051,9976,223,328,0,0,9969,predicted-useful,fec-grace,1745,0.000,81,200,0,3,0,0,0,5,5,5,5,79,1291,79,1291,0,0,0,pacing,1,0.721,8.191,116.191,0,0,5,5,0,0,0,0,1299,1319,62,0,1,9500000,1200000,11,0,11,12471,12460,15271631,650,798517,383,472914,0,0,0,0,0,8.699,36.092,438.188,4800.000,642,22571,11650,5117,10921,5804,0.305,19.763,2.220,642,4411565,7059376,1.513,8.654,0.493,9.745,22571,1050,307,9966,208,834,8,108,108,198,12,26,1,5,7,0,0,0,0,0,0,0,0,0,0,95,1,1,0,4,2059,1674,1674,0,0,0,0,0,,disabled,,0,0,0,0,,1,Fixed Quality,Hybrid,85,30,9500,12000,640,360,H.264,480,270,518400,28178,518400,28178,0.054,0.000,,0,0,0.000,2.112,0.000,0.000,0.084,7250,6750,6750,7,7,0,1,9500,1.000,0,18.208,0.000,0,0,0.000,0.000,0,0,0,0,0.270,0.645,0.085,1,0,0,disabled,24,0,0,37,93,37,42,14,71,71,0,4,large-au-observed,0,,0,0,19.103,23.729,0,,0.000,0.000,0.000,0.000,0,0,0,,16,0,0,6.116,0,435,0.084,0.000,0.000,0.083,0.000,0.058,0.008,1,1,1,1,0,1,1,0,0,0,0,0,1.000,0.000,0.000,30,0,0.000,0,0,0,0.000,0.000,0.000,0.000,0.000,0.000,0.000,2.019,10.318,0,0,0,0,0,0,0,0,0.000,0.000,0.000,0.000,0.000,0.000,0,0.116,15.159,306,307,1519,81.871,237.480,18.646,237.480,2678.377,60,1,H.264,105.625,0,0,236.516,236.672,0.997,189.448,104.654,arrival-gap-jitter-spike,13527.116,0,1,1,1,1,16205.493,459.789,468.982,469.592,469.592,0,0,2,0,0,2,0,,,122.529,141.440,200,1,decoded,0,0,0,0,0,0,0,0,0,0,,98.791,0.000,101.658,0.000,0.000,0.000,126.190,stale-before-upload,0.001,432,0.000,107.236,5.453,0.094,0.464,0.188,0.000,0.276,1,0,0,1,3,0.065,15.160,15.159,15.679,19.994,1.000,Loss,0,1,0,0.000,1,2,2,1,0.060,0.000,0.060,0,100,0,12476,11679,753,0,716
17.206,Custom_loss6_delay0-100_dup0_reorder6_burst0,Loopback,1,1,0,,,0.000,0,21,462,22.610,20.718,23.663,110.330,101.465,77.108,57.995,4.881,0.065,0.263,12517,876,11768,10892,1599,963,78,482,425,57,76,0,10894,339,121,0,0,0,0,5.000,0,0,0,0,0,0,0,0,0,0,0,0,0,0,0,0.000,0.000,0.000,,331,331,1615,0,1,38.383,236.516,39.346,236.672,0.000,0.000,330,327,6417,396,114,0,1124,1815,465,1,fec-parity,pending,H.264,0,1,24,0,24,1,0,0,0,0,0,0,13393,0,0,0,0,0,0,0.000,57,78,57,54,57,0,64.991,26.724,123.390,1,0,193,18,211,0,57,12,0.422,0.578,0.915,1.000,0.174,37.000,0.167,0.833,0.500,retransmit-late,616,5250,0,0,374,4894,1124,10602,242,356,0,0,10595,predicted-useful,fec-grace,1872,0.208,86,211,0,3,0,0,0,5,5,5,5,84,1378,84,1378,0,0,0,pacing,1,0.803,8.169,116.169,0,0,5,5,0,0,0,0,1386,1411,66,0,1,9500000,1200000,2,0,2,13382,13380,16398289,691,848947,409,504676,0,0,0,0,0,11.768,36.092,789.250,4800.000,688,24249,12508,5465,11741,6276,0.304,12.050,1.758,688,5237852,8573448,1.177,8.983,0.503,11.799,24249,1124,332,10602,220,896,8,113,113,209,13,28,2,5,8,0,0,0,0,0,0,0,0,0,0,99,1,1,0,4,2217,1815,1815,0,0,0,0,0,,disabled,,0,0,0,0,,1,Fixed Quality,Hybrid,85,30,9500,12000,640,360,H.264,480,270,518400,28178,518400,28178,0.054,0.000,,0,0,0.000,2.119,0.000,0.000,0.091,7250,6750,6750,7,7,0,1,9500,1.000,0,12.035,0.000,0,0,0.000,0.000,0,0,0,0,0.270,0.645,0.085,1,0,0,disabled,24,0,0,39,97,39,44,14,75,75,0,4,large-au-observed,0,,0,0,17.378,23.729,0,,0.000,0.000,0.000,0.000,0,0,0,,17,0,0,5.518,0,465,0.090,0.000,0.000,0.090,0.000,0.063,0.009,1,1,1,1,0,1,1,0,0,0,0,0,1.000,0.000,0.000,30,0,0.000,0,0,0,0.000,0.000,0.000,0.000,0.000,0.000,0.000,2.020,10.034,0,0,0,0,0,0,0,0,0.000,0.000,0.000,0.000,0.000,0.000,0,0.100,20.718,330,331,1615,39.572,237.480,18.646,237.480,2678.377,60,1,H.264,105.625,0,0,236.516,236.672,0.997,189.448,104.654,arrival-gap-jitter-spike,14528.323,0,1,1,1,1,17206.700,459.789,468.982,469.592,469.592,0,0,2,0,0,2,0,,,122.529,141.440,200,1,decoded,0,0,0,0,0,0,0,0,0,0,,104.368,0.000,107.223,5.636,0.000,120.066,135.165,stale-before-upload,0.001,461,0.000,110.495,4.942,0.077,0.352,0.035,0.000,0.317,1,0,0,1,3,0.064,22.610,20.718,4.881,23.663,1.000,RecoveryDeadline,0,1,0,0.000,1,1,1,1,0.060,0.000,0.060,0,100,0,13397,12537,802,0,768
18.212,Custom_loss6_delay0-100_dup0_reorder6_burst0,Loopback,1,1,0,,,0.000,0,21,491,26.581,26.591,26.396,109.820,101.746,8.220,54.884,74.932,0.063,0.256,13358,895,12522,11627,1703,1030,81,513,454,59,79,0,11629,364,125,0,0,0,0,5.000,0,0,0,0,0,0,0,0,0,0,0,0,0,0,0,0.000,0.000,0.000,,356,356,1708,0,1,111.463,236.516,112.552,236.672,0.000,0.000,355,352,6841,423,118,0,1196,1940,492,1,nack-sent,pending,H.264,0,1,24,21,3,3,3,2,5,13,0,0,14200,10,0,0,0,0,0,68.710,61,81,59,56,59,0,65.002,26.338,123.390,1,0,202,19,221,0,59,12,0.430,0.570,0.914,1.000,0.169,39.000,0.000,1.000,0.000,duplicate-guard,658,5634,0,0,399,5250,1196,11355,259,384,0,0,11348,predicted-useful,likely-arrival,1997,0.000,90,221,0,3,0,0,0,6,6,6,6,88,1441,88,1441,0,0,0,pacing,1,0.787,6.380,114.380,0,0,6,6,0,0,0,0,1450,1503,70,0,1,9500000,1200000,12,0,12,14262,14250,17464501,731,898133,436,537690,0,0,0,0,0,5.030,36.092,1196.500,4800.000,734,25856,13348,5766,12508,6742,0.302,26.114,2.837,734,4719294,7865797,1.170,-6.591,0.444,22.085,25856,1195,357,11352,232,955,8,117,117,217,13,28,2,5,8,0,0,0,0,0,0,0,0,0,0,103,1,1,0,4,2364,1940,1940,0,0,0,0,0,,disabled,,0,0,0,0,,1,Fixed Quality,Hybrid,85,30,9500,12000,640,360,H.264,480,270,518400,28178,518400,28178,0.054,0.000,,0,0,0.000,1.876,0.000,0.000,0.094,7250,6750,6750,7,7,0,1,9500,1.000,0,11.275,0.000,0,0,0.000,0.000,0,0,0,0,0.276,0.638,0.086,1,0,0,disabled,24,0,0,41,102,41,46,15,79,79,0,4,large-au-observed,0,,0,0,14.806,23.729,0,,0.000,0.000,0.000,0.000,0,0,0,,18,0,0,4.822,0,494,0.094,0.000,0.000,0.093,0.000,0.053,0.010,1,1,1,1,0,1,1,0,0,0,0,0,1.000,0.000,0.000,30,0,0.000,0,0,0,0.000,0.000,0.000,0.000,0.000,0.000,0.000,1.772,8.818,0,0,0,0,0,0,0,0,0.000,0.000,0.000,0.000,0.000,0.000,0,0.104,26.591,355,356,1708,112.545,237.480,18.646,237.480,2678.377,60,1,H.264,105.625,0,0,236.516,236.672,0.997,189.448,104.654,arrival-gap-jitter-spike,15534.076,0,1,1,1,1,18212.453,459.789,468.982,469.592,469.592,0,0,2,0,0,2,0,,,122.529,141.440,200,1,decoded,0,0,0,0,0,0,0,0,0,0,,109.060,0.000,111.916,4.825,0.000,118.631,139.910,stale-before-upload,0.001,488,0.000,117.861,6.277,0.088,0.792,0.510,0.000,0.282,1,0,0,1,3,0.063,26.581,26.591,74.932,26.396,2.000,Jitter,0,1,0,1.000,0,3,3,1,0.060,0.000,0.060,0,100,0,14268,13379,843,0,824
19.213,Custom_loss6_delay0-100_dup0_reorder6_burst0,Loopback,1,1,0,,,0.000,0,21,520,25.088,25.066,19.699,96.899,101.762,86.338,56.734,12.628,0.064,0.253,14156,963,13298,12335,1798,1086,90,538,479,59,84,0,12337,386,131,0,0,0,0,5.000,0,0,0,0,0,0,0,0,0,0,0,0,0,0,0,0.000,0.000,0.000,,378,378,1802,0,1,26.214,236.516,27.232,236.672,0.000,0.000,377,375,7235,445,124,0,1267,2051,522,1,nack-sent,pending,H.264,0,1,24,6,18,0,0,1,0,18,0,0,15075,1,0,0,0,0,0,48.410,63,90,59,56,59,0,65.002,26.338,123.390,1,0,213,21,234,0,61,12,0.412,0.588,0.910,1.000,0.164,45.000,0.250,0.750,0.000,duplicate-guard,699,5967,0,0,423,5558,1267,12018,276,409,0,0,12011,predicted-useful,fec-grace,2116,0.417,95,234,0,3,0,0,0,6,6,6,6,93,1530,93,1530,0,0,0,pacing,1,0.826,4.361,112.361,0,0,6,6,0,0,0,0,1539,1593,74,0,1,9500000,1200000,3,0,3,15115,15112,18520147,774,951051,463,570704,0,0,0,0,0,7.772,36.092,951.125,4800.000,777,27450,14152,6225,13298,7073,0.305,11.238,0.341,777,5438165,13398701,1.587,78.118,0.511,18.660,27450,1266,379,12000,244,1014,8,123,123,229,14,30,2,5,9,0,0,0,0,0,0,0,0,0,0,108,1,1,0,4,2496,2051,2051,0,0,0,0,0,,disabled,,0,0,0,0,,1,Fixed Quality,Hybrid,85,30,9500,12000,640,360,H.264,480,270,518400,28178,518400,28178,0.054,0.000,,0,0,0.000,1.883,0.000,0.000,0.072,7250,6750,6750,7,7,0,1,9500,1.000,0,10.062,0.000,0,0,0.000,0.000,0,0,0,0,0.269,0.641,0.090,1,0,0,disabled,24,0,0,43,107,43,49,15,83,83,0,4,large-au-observed,0,,0,0,15.461,23.729,0,,0.000,0.000,0.000,0.000,0,0,0,,19,0,0,6.189,0,523,0.072,0.000,0.000,0.071,0.000,0.048,0.007,1,1,1,1,0,1,1,0,0,0,0,0,1.000,0.000,0.000,30,0,0.000,0,0,0,0.000,0.000,0.000,0.000,0.000,0.000,0.000,1.804,10.500,0,0,0,0,0,0,0,0,0.000,0.000,0.000,0.000,0.000,0.000,0,0.092,25.066,377,378,1802,27.194,237.480,18.646,237.480,2678.377,60,1,H.264,105.625,0,0,236.516,236.672,0.997,189.448,104.654,arrival-gap-jitter-spike,16534.288,0,1,1,1,1,19212.665,459.789,468.982,469.592,469.592,0,0,2,0,0,2,0,,,122.529,141.440,200,1,decoded,0,0,0,0,0,0,0,0,0,0,,103.379,0.000,106.227,0.000,0.000,0.000,128.450,stale-before-upload,0.001,520,0.000,111.394,5.070,0.075,0.781,0.534,0.000,0.248,1,0,0,1,3,0.064,25.088,25.066,12.628,19.699,1.000,Loss,0,1,0,1.000,1,1,1,1,0.060,0.000,0.060,0,100,0,15131,14180,901,0,865
20.221,Custom_loss6_delay0-100_dup0_reorder6_burst0,Loopback,1,1,0,,,0.000,0,21,547,26.370,26.351,22.462,106.490,101.735,34.799,55.515,5.274,0.063,0.245,14944,1008,14033,13025,1898,1139,96,579,516,63,84,0,13027,410,133,0,0,0,0,5.000,0,0,0,0,0,0,0,0,0,0,0,0,0,0,0,0.000,0.000,0.000,,402,402,1893,0,1,42.194,236.516,43.196,236.672,0.000,0.000,401,399,7631,473,126,0,1329,2172,549,1,nack-sent,pending,H.264,0,1,24,18,6,3,2,2,6,20,0,0,15884,14,0,0,0,0,0,75.153,66,96,63,60,63,0,65.284,25.540,123.390,1,0,226,23,249,0,63,13,0.407,0.593,0.908,1.000,0.171,45.000,0.250,0.750,0.000,duplicate-guard,737,6268,0,0,446,5833,1329,12593,291,435,0,0,12585,predicted-useful,fec-grace,2226,0.250,102,249,0,3,0,0,0,6,6,6,6,100,1652,100,1652,0,0,0,pacing,1,0.821,5.658,113.658,0,0,6,6,0,0,0,0,1661,1670,78,0,1,9500000,1200000,4,0,4,15940,15936,19529687,819,1006457,488,601852,0,0,0,0,0,7.027,36.092,1192.562,4800.000,820,28972,14940,6518,14032,7514,0.304,15.269,0.733,820,7532775,10629118,0.789,52.187,0.478,19.557,28972,1329,403,12593,256,1065,8,125,125,232,15,32,2,5,10,0,0,0,0,0,0,0,0,0,0,109,1,1,0,4,2632,2172,2172,0,0,0,0,0,,disabled,,0,0,0,0,,1,Fixed Quality,Hybrid,85,30,9500,12000,640,360,H.264,480,270,518400,28178,518400,28178,0.054,0.000,,0,0,0.000,2.489,0.000,0.000,0.120,7250,6750,6750,7,7,0,1,9500,1.000,0,15.550,0.000,0,0,0.000,0.000,0,0,0,0,0.265,0.643,0.092,1,0,0,disabled,24,0,0,45,113,45,52,16,87,87,0,4,large-au-observed,0,,0,0,20.301,23.729,0,,0.000,0.000,0.000,0.000,0,0,0,,20,0,0,6.049,0,551,0.119,0.000,0.000,0.119,0.000,0.078,0.011,1,1,1,1,0,1,1,0,0,0,1,0,0.860,109.508,0.000,26,0,0.000,0,0,0,0.000,0.000,0.000,0.000,0.000,0.000,0.000,2.356,11.896,0,0,0,0,0,0,0,0,0.000,0.000,0.000,0.000,0.000,0.000,0,0.127,26.351,401,402,1893,43.449,237.480,18.646,237.480,2678.377,60,1,H.264,105.625,0,0,236.516,236.672,0.997,189.448,104.654,arrival-gap-jitter-spike,17542.360,0,1,1,1,1,20220.737,459.789,468.982,469.592,469.592,0,0,2,0,0,2,0,,,122.529,141.440,200,1,decoded,0,0,0,0,0,0,0,0,0,0,,99.397,0.000,102.296,0.000,0.000,0.000,133.245,stale-before-upload,0.001,547,0.000,108.079,5.650,0.083,0.344,0.001,0.000,0.343,1,0,0,1,3,0.063,26.370,26.351,5.274,22.462,1.000,RecoveryDeadline,0,1,0,1.000,0,2,2,1,0.060,0.000,0.060,0,100,0,15956,14966,942,0,923
21.221,Custom_loss6_delay0-100_dup0_reorder6_burst0,Loopback,1,1,0,,,0.000,0,21,576,21.009,20.998,18.908,86.249,101.685,38.211,54.605,21.339,0.063,0.249,15729,1053,14772,13719,1994,1196,100,608,544,64,90,0,13721,429,142,0,0,0,0,5.000,0,0,0,0,0,0,0,0,0,0,0,0,0,0,0,0.000,0.000,0.000,,421,421,1996,1,1,67.818,236.516,68.937,236.672,0.000,0.000,420,418,8004,493,135,0,1396,2275,578,1,fec-parity,pending,H.264,0,1,24,12,12,2,0,1,0,12,0,0,16728,6,0,0,0,0,0,51.700,73,100,64,61,64,0,65.492,26.316,123.390,1,0,238,23,261,0,66,14,0.422,0.578,0.912,1.000,0.175,37.000,0.667,0.333,0.000,insufficient-sample,772,6605,0,0,470,6150,1396,13254,302,455,0,0,13246,predicted-useful,fec-grace,2337,0.500,108,261,0,3,0,0,0,6,6,6,6,106,1761,106,1761,0,0,0,pacing,1,0.857,5.812,113.812,0,0,6,6,0,0,0,0,1770,1756,82,0,1,9500000,1200000,0,0,0,16762,16762,20541753,861,1058131,514,633622,0,0,0,0,0,11.360,36.092,749.312,3827.500,861,30481,15721,6902,14760,7858,0.305,14.282,0.058,861,6152232,10221244,0.487,42.432,0.482,11.770,30481,1396,422,13254,268,1120,8,134,134,246,16,33,1,6,10,0,0,0,0,0,0,0,0,0,0,117,1,1,0,4,2760,2275,2275,0,0,0,0,0,,disabled,,0,0,0,0,,1,Fixed Quality,Hybrid,85,30,9500,12000,640,360,H.264,480,270,518400,28178,518400,28178,0.054,0.000,,0,0,0.000,1.953,0.000,0.000,0.074,7250,6750,6750,7,7,0,1,9500,1.000,0,12.817,0.000,0,0,1.320,0.000,1244,0,0,0,1.000,0.000,0.000,1,0,0,disabled,24,0,0,49,118,49,53,16,91,91,0,4,large-au-observed,0,,0,0,17.798,23.729,0,,0.000,0.000,0.000,0.000,0,0,0,,21,0,0,9.570,0,579,0.074,0.000,0.000,0.073,0.000,0.051,0.006,1,1,1,1,0,1,1,0,0,0,1,0,0.860,179.995,0.000,26,0,0.000,0,0,0,0.000,0.000,0.000,0.000,0.000,0.000,0.000,1.871,6.910,0,0,0,0,0,0,0,0,0.000,0.000,0.000,0.000,0.000,0.000,0,0.130,20.997,420,421,1996,68.961,237.480,18.646,237.480,2678.377,60,1,H.264,105.625,0,0,236.516,236.672,0.997,189.448,104.654,arrival-gap-jitter-spike,18542.584,0,1,1,1,1,21220.961,459.789,468.982,469.592,469.592,0,0,2,0,0,2,0,,,122.529,141.440,200,1,decoded,0,0,0,0,0,0,0,0,0,0,,101.344,0.000,104.290,0.000,0.000,0.000,123.124,stale-before-upload,0.001,576,0.000,107.847,3.419,0.088,0.261,0.011,0.000,0.250,1,0,0,1,3,0.063,21.009,20.998,21.339,18.908,1.000,RecoveryDeadline,0,1,0,0.000,1,1,1,1,0.060,0.000,0.060,0,100,0,16783,15752,988,0,966
22.226,Custom_loss6_delay0-100_dup0_reorder6_burst0,Loopback,1,1,0,,,0.000,0,21,602,19.604,19.637,20.727,105.572,101.711,90.857,56.417,16.439,0.062,0.243,16468,1090,15452,14362,2090,1256,103,640,570,70,91,0,14364,451,145,0,0,0,0,5.000,0,0,0,0,0,0,0,0,0,0,0,0,0,0,0,0.000,0.000,0.000,,443,443,2102,0,1,33.591,236.516,34.570,236.672,0.000,0.000,442,440,8383,521,138,0,1464,2383,604,1,fec-recovered,pending,H.264,0,1,24,14,10,4,1,2,8,32,0,0,17491,2,0,0,0,0,0,75.798,78,103,70,67,70,0,65.380,25.826,123.390,1,0,252,24,276,0,78,15,0.431,0.569,0.913,1.000,0.161,36.000,0.500,0.500,0.000,stable,804,6903,0,0,489,6425,1464,13952,315,478,0,0,13944,predicted-useful,fec-grace,2449,0.542,113,276,0,3,0,0,0,6,6,6,6,111,1838,111,1838,0,0,0,pacing,1,0.788,5.313,113.313,0,0,6,6,0,0,0,0,1847,1838,86,0,1,9500000,1200000,5,0,5,17557,17552,21509539,906,1113537,540,665384,0,0,0,0,0,7.408,36.092,286.875,4800.000,902,31894,16454,7247,15440,8193,0.306,59.499,0.000,902,4327354,7264118,0.499,44.475,0.495,21.510,31894,1464,444,13952,286,1170,8,137,137,251,16,33,1,6,10,0,0,0,0,0,0,0,0,0,0,120,1,1,0,4,2892,2383,2383,0,0,0,0,0,,disabled,,0,0,0,0,,1,Fixed Quality,Hybrid,85,30,9500,12000,640,360,H.264,480,270,518400,28178,518400,28178,0.054,0.000,,0,0,0.000,2.166,0.000,0.000,0.065,7250,6750,6750,7,7,0,1,9500,1.000,0,13.253,0.000,0,0,0.000,0.000,0,0,0,0,0.283,0.630,0.087,1,0,0,disabled,24,0,0,53,127,53,56,18,97,97,0,4,large-au-observed,0,,0,0,18.633,23.729,0,,0.000,0.000,0.000,0.000,0,0,0,,22,0,0,3.637,0,606,0.065,0.000,0.000,0.065,0.000,0.042,0.007,1,1,1,1,0,1,1,0,0,0,0,0,1.000,0.000,0.000,30,0,0.000,0,0,0,0.000,0.000,0.000,0.000,0.000,0.000,0.000,2.094,7.833,0,0,0,0,0,0,0,0,0.000,0.000,0.000,0.000,0.000,0.000,0,0.107,19.637,442,443,2102,34.627,237.480,18.646,237.480,2678.377,60,1,H.264,105.625,0,0,236.516,236.672,0.997,189.448,104.654,arrival-gap-jitter-spike,19548.138,0,1,1,1,1,22226.515,459.789,468.982,469.592,469.592,0,0,2,0,0,2,0,,,122.529,141.440,200,1,decoded,0,0,0,0,0,0,0,0,0,0,,105.709,0.000,108.493,0.000,0.000,0.000,132.786,stale-before-upload,0.001,602,0.000,113.667,5.045,0.075,0.869,0.587,0.000,0.282,1,0,0,1,3,0.062,19.604,19.637,16.439,20.727,1.000,RecoveryDeadline,0,1,0,0.000,3,1,1,1,0.060,0.000,0.060,0,100,0,17574,16502,1027,0,1014
23.232,Custom_loss6_delay0-100_dup0_reorder6_burst0,Loopback,1,1,0,,,0.000,0,21,632,27.011,25.061,24.931,98.365,101.771,41.644,55.714,29.614,0.061,0.241,17286,1116,16203,15087,2198,1318,105,681,605,76,94,0,15089,475,151,0,0,0,0,5.000,0,0,0,0,0,0,0,0,0,0,0,0,0,0,0,0.000,0.000,0.000,,466,466,2199,0,1,65.631,236.516,66.635,236.672,0.000,0.000,465,463,8799,551,143,0,1528,2503,633,1,fec-parity,pending,H.264,0,1,24,14,10,3,0,1,4,14,0,0,18360,17,0,0,0,0,0,59.572,83,105,76,73,76,0,65.386,26.051,123.390,1,0,265,24,289,0,88,16,0.441,0.559,0.917,1.000,0.154,45.000,0.333,0.667,0.000,duplicate-guard,850,7257,0,0,513,6745,1528,14584,337,512,0,0,14576,predicted-useful,likely-arrival,2562,0.000,118,289,0,3,0,0,0,6,6,6,6,116,1913,116,1913,0,0,0,pacing,1,0.759,6.677,114.677,0,0,6,6,0,0,0,0,1922,1921,90,0,1,9500000,1200000,0,0,0,18380,18380,22524101,949,1166455,565,696532,0,0,0,0,0,15.091,36.092,5735.625,4800.000,946,33487,17284,7572,16203,8631,0.305,24.674,0.119,946,5935293,9254165,0.609,25.737,0.452,12.613,33487,1528,468,14584,298,1222,8,142,142,258,16,33,1,6,10,0,0,0,0,0,0,0,0,0,0,125,1,1,0,4,3036,2503,2503,0,0,0,0,0,,disabled,,0,0,0,0,,1,Fixed Quality,Hybrid,85,30,9500,12000,640,360,H.264,480,270,518400,0,518400,28178,0.054,0.000,,0,0,0.000,4.700,0.000,4.055,0.624,7250,6750,6750,7,7,0,1,9500,1.000,0,15.091,0.000,0,0,0.000,0.000,0,0,0,0,0.287,0.630,0.083,1,0,0,disabled,0,0,0,56,132,56,58,18,101,101,0,4,async-output-pending,0,,0,0,0.000,0.000,0,,15.091,5735.625,39583.333,0.000,0,0,0,,23,0,0,0.000,1,0,0.614,0.146,0.467,0.000,0.000,0.000,0.000,0,0,1,1,1,0,0,1,1,0,0,0,1.000,0.000,0.000,30,0,0.000,0,0,0,0.000,0.000,0.000,0.000,0.000,0.000,0.000,0.000,10.064,0,0,0,0,0,0,0,0,0.000,0.000,0.000,0.000,0.000,0.000,0,0.132,25.061,465,466,2199,66.690,237.480,18.646,237.480,2678.377,60,1,H.264,105.625,0,0,236.516,236.672,0.997,189.448,104.654,arrival-gap-jitter-spike,20553.710,0,1,1,1,1,23232.087,459.789,468.982,469.592,469.592,0,0,2,0,0,2,0,,,122.529,141.440,200,1,decoded,0,0,0,0,0,0,0,0,0,0,,104.040,0.000,106.882,0.000,0.000,0.000,129.183,stale-before-upload,0.001,632,0.000,111.935,4.904,0.089,0.267,0.001,0.000,0.267,1,0,0,1,3,0.061,27.011,25.061,29.614,24.931,2.000,RecoveryDeadline,0,1,0,0.000,0,1,1,1,0.060,0.000,0.060,0,100,0,18403,17311,1058,0,1069
24.233,Custom_loss6_delay0-100_dup0_reorder6_burst0,Loopback,1,1,0,,,0.000,0,21,660,17.540,17.540,18.879,113.008,102.017,101.006,57.772,15.624,0.060,0.240,18088,1159,16952,15793,2306,1390,112,703,625,78,101,0,15795,496,157,0,0,0,0,5.000,0,0,0,0,0,0,0,0,0,0,0,0,0,0,0,0.000,0.000,0.000,,487,487,2294,0,1,40.366,236.516,41.389,236.672,0.000,0.000,486,484,9205,574,149,0,1595,2621,661,1,fec-recovered,pending,H.264,1,1,24,24,0,4,4,3,17,46,2,0,19188,22,19196,0,0,0,0,83.085,88,112,78,75,78,0,65.971,25.413,123.390,1,0,279,25,304,0,93,16,0.440,0.560,0.918,1.000,0.147,45.000,0.167,0.833,0.000,duplicate-guard,891,7598,0,0,536,7061,1595,15211,355,537,0,0,15203,predicted-useful,fec-grace,2671,0.000,123,304,0,3,0,0,0,6,6,6,6,121,1989,121,1989,0,0,0,pacing,1,0.776,10.149,118.149,0,0,6,6,0,0,0,0,1998,2002,94,0,1,9500000,1200000,0,0,0,19235,19235,23571637,994,1221861,590,727680,0,0,0,0,0,18.747,36.092,9343.250,4800.000,988,35017,18069,7861,16948,9087,0.303,37.438,0.031,988,6060183,9466797,1.523,32.462,0.522,24.156,35017,1595,489,15211,313,1274,8,148,148,269,17,35,2,6,11,0,0,0,0,0,0,0,0,0,0,130,1,1,0,4,3175,2621,2621,0,0,0,0,0,,disabled,,0,0,0,0,,1,Fixed Quality,Hybrid,85,30,9500,12000,640,360,H.264,480,270,518400,28178,518400,28178,0.054,0.000,,0,0,0.000,2.019,0.000,0.000,0.081,7250,6750,6750,7,7,0,1,9500,1.000,0,18.747,0.000,0,0,0.000,0.000,0,0,0,0,0.289,0.628,0.082,1,0,0,disabled,24,0,0,58,139,58,61,20,106,106,0,4,large-au-observed,0,,0,0,14.372,23.729,0,,0.000,0.000,0.000,0.000,0,0,0,,24,0,0,6.188,0,663,0.081,0.000,0.000,0.080,0.000,0.046,0.006,1,1,1,1,0,1,1,0,0,0,0,0,1.000,0.000,0.000,30,0,0.000,0,0,0,0.000,0.000,0.000,0.000,0.000,0.000,0.000,1.931,10.082,0,0,0,0,0,0,0,0,0.000,0.000,0.000,0.000,0.000,0.000,0,0.096,17.540,486,487,2294,41.357,237.480,18.646,237.480,2678.377,60,1,H.264,105.625,0,0,236.516,236.672,0.997,189.448,104.654,arrival-gap-jitter-spike,21555.191,0,1,1,1,1,24233.568,459.789,468.982,469.592,469.592,0,0,2,0,0,2,0,,,122.529,141.440,200,1,decoded,0,0,0,0,0,0,0,0,0,0,,111.220,0.000,113.944,0.000,0.000,0.000,136.504,stale-before-upload,0.001,660,0.000,117.716,3.662,0.085,0.959,0.708,0.000,0.252,1,0,0,1,3,0.060,17.540,17.540,15.624,18.879,1.000,Loss,0,1,0,1.000,0,2,2,1,0.060,0.000,0.060,0,100,0,19259,18114,1098,0,1113
25.240,Custom_loss6_delay0-100_dup0_reorder6_burst0,Loopback,1,1,0,,,0.000,0,21,686,11.903,11.897,12.756,114.282,102.035,70.000,58.304,35.721,0.061,0.249,18843,1225,17675,16450,2392,1452,115,721,642,79,104,0,16452,511,169,0,0,0,0,5.000,0,0,0,0,0,0,0,0,0,0,0,0,0,0,0,0.000,0.000,0.000,,502,502,2393,0,1,46.981,236.516,48.293,236.672,0.000,0.000,501,499,9583,590,161,0,1665,2719,687,1,expired-no-slack,expired,H.264,0,1,24,20,4,5,3,3,8,28,0,0,19976,20,0,0,0,0,0,119.207,91,115,79,76,79,0,65.875,25.529,123.390,1,0,286,24,310,0,95,17,0.442,0.558,0.923,1.000,0.152,42.000,1.000,0.000,1.000,insufficient-sample,928,7922,0,0,559,7364,1665,15812,369,558,0,0,15804,predicted-useful,fec-grace,2779,0.375,125,310,0,3,0,0,0,6,6,6,6,123,2020,123,2020,0,0,0,pacing,1,0.778,9.542,117.542,0,0,6,6,0,0,0,0,2029,2092,98,0,1,9500000,1200000,0,0,0,20051,20051,24571233,1030,1266069,617,760684,0,0,0,0,0,14.648,36.092,4632.438,4800.000,1029,36476,18826,8141,17650,9509,0.302,2.024,1.672,1029,6976373,9638492,1.277,19.768,0.487,12.172,36476,1665,504,15812,325,1332,8,160,160,293,18,37,2,6,12,0,0,0,0,0,0,0,0,0,0,141,1,1,0,4,3314,2719,2719,0,0,0,0,0,,disabled,,0,0,0,0,,1,Fixed Quality,Hybrid,85,30,9500,12000,640,360,H.264,480,270,518400,28178,518400,28178,0.054,0.000,,0,0,0.000,2.349,0.000,0.000,0.160,7250,6750,6750,7,7,0,1,9500,1.000,0,14.648,0.000,0,0,0.000,0.000,0,0,0,0,0.294,0.629,0.077,1,0,0,disabled,24,0,0,60,143,60,63,20,110,110,0,4,large-au-observed,0,,0,0,17.580,23.729,0,,0.000,0.000,0.000,0.000,0,0,0,,25,0,0,7.899,0,690,0.160,0.000,0.000,0.159,0.000,0.120,0.012,1,1,1,1,0,1,1,0,0,0,1,0,0.860,34.153,0.000,26,0,0.000,0,0,0,0.000,0.000,0.000,0.000,0.000,0.000,0.000,2.176,11.946,0,0,0,0,0,0,0,0,0.000,0.000,0.000,0.000,0.000,0.000,0,0.094,11.896,501,502,2393,48.117,237.480,18.646,237.480,2678.377,60,1,H.264,105.625,0,0,236.516,236.672,0.997,189.448,104.654,arrival-gap-jitter-spike,22562.166,0,1,1,1,1,25240.543,459.789,468.982,469.592,469.592,0,0,2,0,0,2,0,,,122.529,141.440,200,1,decoded,0,0,0,0,0,0,0,0,0,0,,108.805,0.000,111.714,0.000,0.000,0.000,142.141,stale-before-upload,0.001,686,0.000,117.647,5.828,0.077,0.741,0.488,0.000,0.253,1,0,0,1,3,0.061,11.903,11.897,35.721,12.756,1.000,Jitter,0,1,0,0.500,2,1,1,1,0.060,0.000,0.060,0,100,0,20076,18873,1157,0,1154
26.247,Custom_loss6_delay0-100_dup0_reorder6_burst0,Loopback,1,1,0,,,0.000,0,21,715,22.638,22.634,18.461,108.468,102.127,90.176,59.632,15.901,0.061,0.250,19629,1265,18397,17132,2489,1512,120,748,667,81,109,0,17134,531,177,0,0,0,0,5.000,0,0,0,0,0,0,0,0,0,0,0,0,0,0,0,0.000,0.000,0.000,,522,522,2492,0,1,27.084,236.516,28.273,236.672,0.000,0.000,521,519,9993,612,169,0,1736,2836,716,1,nack-sent,pending,H.264,0,1,24,16,8,3,2,2,5,23,0,0,20849,10,0,0,0,0,0,76.719,93,120,81,78,81,0,65.737,25.308,123.390,1,0,295,27,322,0,97,17,0.437,0.563,0.916,1.000,0.149,45.000,0.200,0.800,0.000,duplicate-guard,975,8284,0,0,583,7686,1736,16376,392,598,0,0,16368,predicted-useful,fec-grace,2892,0.667,129,322,0,3,0,0,0,6,6,6,6,127,2082,127,2082,0,0,0,pacing,1,0.793,9.602,117.602,0,0,6,6,0,0,0,0,2091,2180,102,0,1,9500000,1200000,11,0,11,20903,20892,25601927,1072,1317743,643,792446,0,0,0,0,0,0.604,36.092,952.375,4800.000,1073,37997,19606,8473,18391,9918,0.302,4.288,1.685,1073,5609754,9596809,1.214,19.850,0.507,5.384,37997,1735,524,16368,337,1390,8,168,168,308,18,37,2,6,12,0,0,0,0,0,0,0,0,0,0,149,1,1,0,4,3452,2836,2836,0,0,0,0,0,,disabled,,0,0,0,0,,1,Fixed Quality,Hybrid,85,30,9500,12000,640,360,H.264,480,270,518400,28178,518400,28178,0.054,0.000,,0,0,0.000,1.986,0.000,0.000,0.076,7250,6750,6750,7,7,0,1,9500,1.000,0,9.773,0.000,0,0,0.000,0.000,0,0,0,0,0.289,0.627,0.084,1,0,0,disabled,24,0,0,62,147,62,65,20,114,114,0,4,large-au-observed,0,,0,0,11.682,23.729,0,,0.000,0.000,0.000,0.000,0,0,0,,26,0,0,6.281,0,718,0.075,0.000,0.000,0.075,0.000,0.052,0.007,1,1,1,1,0,1,1,0,0,0,0,0,1.000,0.000,0.000,30,0,0.000,0,0,0,0.000,0.000,0.000,0.000,0.000,0.000,0.000,1.901,10.220,0,0,0,0,0,0,0,0,0.000,0.000,0.000,0.000,0.000,0.000,0,0.094,22.634,521,522,2492,28.201,237.480,18.646,237.480,2678.377,60,1,H.264,105.625,0,0,236.516,236.672,0.997,189.448,104.654,arrival-gap-jitter-spike,23569.220,0,1,1,1,1,26247.597,459.789,468.982,469.592,469.592,0,0,2,0,0,2,0,,,122.529,141.440,200,1,decoded,0,0,0,0,0,0,0,0,0,0,,110.689,0.000,113.575,0.000,0.000,0.000,134.234,stale-before-upload,0.001,715,0.000,119.342,5.663,0.074,0.904,0.616,0.000,0.288,1,0,0,1,3,0.061,22.638,22.634,15.901,18.461,1.000,RecoveryDeadline,0,1,0,1.000,0,2,2,1,0.060,0.000,0.060,0,100,0,20918,19658,1211,0,1209
27.254,Custom_loss6_delay0-100_dup0_reorder6_burst0,Loopback,1,1,0,,,0.000,0,21,742,18.262,18.268,16.991,93.558,102.206,46.175,59.094,37.446,0.062,0.254,20412,1355,19172,17817,2583,1569,128,772,686,86,114,0,17819,548,187,0,0,0,0,5.000,0,0,0,0,0,0,0,0,0,0,0,0,0,0,0,0.000,0.000,0.000,,539,539,2585,0,1,16.290,236.516,17.313,236.672,0.000,0.000,538,536,10397,634,179,0,1807,2948,744,1,fec-recovered,pending,H.264,0,1,24,22,2,4,3,3,10,28,0,0,21670,4,0,0,0,0,0,98.216,96,128,86,83,86,0,65.291,25.384,123.390,1,0,311,27,338,0,99,18,0.429,0.571,0.920,1.000,0.154,43.000,0.333,0.667,0.000,duplicate-guard,1014,8632,0,0,606,8005,1807,17064,407,622,1,5,17056,predicted-useful,fec-grace,2999,0.500,135,338,0,3,0,0,0,6,6,6,6,133,2184,133,2184,0,0,0,pacing,1,0.804,8.674,116.674,0,0,6,6,0,0,0,0,2193,2262,106,0,1,9500000,1200000,11,0,11,21759,21748,26650711,1118,1374393,668,823594,0,0,0,0,0,0.569,36.092,580.688,4800.000,1115,39542,20397,8869,19145,10276,0.303,69.190,0.000,1115,5295919,8598599,0.639,7.080,0.506,14.872,39542,1807,541,17064,352,1447,8,178,178,326,20,41,2,6,14,0,0,0,0,0,0,0,0,0,0,157,1,1,0,4,3592,2948,2948,0,0,0,0,0,,disabled,,0,0,0,0,,1,Fixed Quality,Hybrid,85,30,9500,12000,640,360,H.264,480,270,518400,28176,518400,28176,0.054,0.000,,0,0,0.000,1.821,0.000,0.000,0.091,7250,6750,6750,7,7,0,1,9500,1.000,0,13.714,0.000,0,0,0.000,0.000,0,0,0,0,0.284,0.636,0.080,1,0,0,disabled,24,0,0,64,154,64,68,22,119,119,0,4,large-au-observed,0,,0,0,17.452,23.727,0,,0.000,0.000,0.000,0.000,0,0,0,,27,0,0,6.641,0,747,0.091,0.000,0.000,0.085,0.000,0.059,0.008,1,1,1,1,0,1,1,0,0,0,0,0,1.000,0.000,0.000,30,0,0.000,0,0,0,0.000,0.000,0.000,0.000,0.000,0.000,0.000,1.721,10.924,0,0,0,0,0,0,0,0,0.000,0.000,0.000,0.000,0.000,0.000,0,0.099,18.269,538,539,2585,17.289,237.480,18.646,237.480,2678.377,60,1,H.264,105.625,0,0,236.516,236.672,0.997,189.448,104.654,arrival-gap-jitter-spike,24575.808,0,1,1,1,1,27254.185,459.789,468.982,469.592,469.592,0,0,2,0,0,2,0,,,122.529,141.440,200,1,decoded,0,0,0,0,0,0,0,0,0,0,,103.942,0.000,106.811,0.000,0.000,0.000,131.779,stale-before-upload,0.001,742,0.000,111.283,4.363,0.086,0.641,0.388,0.000,0.253,1,0,0,1,3,0.062,18.262,18.268,37.446,16.991,1.000,Jitter,0,1,0,2.000,1,2,2,1,0.060,0.000,0.060,0,100,0,21775,20448,1278,0,1254
28.261,Custom_loss6_delay0-100_dup0_reorder6_burst0,Loopback,1,1,0,,,0.000,0,21,771,20.354,20.358,22.592,101.162,102.465,11.587,57.267,13.171,0.062,0.253,21207,1395,19900,18505,2679,1634,134,794,707,87,117,0,18507,570,193,0,0,0,0,5.000,0,0,0,0,0,0,0,0,0,0,0,0,0,0,0,0.000,0.000,0.000,,561,561,2681,0,1,34.987,236.516,35.959,236.672,0.000,0.000,560,558,10820,657,185,0,1876,3065,773,1,nack-sent,pending,H.264,0,1,24,16,8,3,2,1,0,8,0,0,22552,3,0,0,0,0,0,56.070,100,134,87,84,87,0,65.398,25.105,123.390,1,0,322,29,351,0,102,18,0.427,0.573,0.917,1.000,0.150,45.000,0.400,0.600,0.000,duplicate-guard,1065,8970,0,0,630,8305,1876,17636,434,660,1,5,17628,predicted-useful,fec-grace,3116,0.292,140,351,0,3,0,0,0,6,6,6,6,138,2274,138,2274,0,0,0,pacing,1,0.841,9.169,117.169,0,0,6,6,0,0,0,0,2283,2349,110,0,1,9500000,1200000,0,0,0,22582,22582,27672123,1161,1427311,695,857230,0,0,0,0,0,16.010,36.092,6553.812,4800.000,1159,41106,21206,9168,19900,10732,0.302,21.831,0.000,1159,4473004,7306113,1.235,-1.254,0.496,12.985,41106,1876,563,17636,364,1504,8,184,184,335,20,41,2,6,14,0,0,0,0,0,0,0,0,0,0,163,1,1,0,4,3739,3065,3065,0,0,0,0,0,,disabled,,0,0,0,0,,1,Fixed Quality,Hybrid,85,30,9500,12000,640,360,H.264,480,270,518400,0,518400,28178,0.054,0.000,,0,0,0.000,0.006,0.000,0.000,0.003,7250,6750,6750,7,7,0,1,9500,1.000,0,16.010,0.000,0,0,0.000,0.000,0,0,0,0,0.285,0.632,0.083,1,0,0,disabled,0,0,0,66,159,66,71,22,123,123,0,4,async-output-pending,0,,0,0,0.000,0.000,0,,0.000,0.000,0.000,0.000,0,0,0,,28,0,0,0.000,1,0,0.000,0.000,0.000,0.000,0.000,0.000,0.000,0,0,0,0,0,0,0,0,1,1,1,1,0.860,180.000,1.500,26,0,0.000,0,0,0,0.000,0.000,0.000,0.000,0.000,0.000,0.000,0.000,6.533,0,0,0,0,0,0,0,0,0.000,0.000,0.000,0.000,0.000,0.000,0,0.091,20.358,560,561,2681,36.119,237.480,18.646,237.480,2678.377,60,1,H.264,105.625,0,0,236.516,236.672,0.997,189.448,104.654,arrival-gap-jitter-spike,25583.078,0,1,1,1,1,28261.455,459.789,468.982,469.592,469.592,0,0,2,0,0,2,0,,,122.529,141.440,200,1,decoded,0,0,0,0,0,0,0,0,0,0,,104.226,0.000,107.139,0.000,0.000,0.000,130.581,stale-before-upload,0.001,771,0.000,112.123,4.883,0.079,0.798,0.537,0.000,0.261,1,0,0,1,3,0.062,20.354,20.358,13.171,22.592,1.000,RecoveryDeadline,0,1,0,0.667,3,2,2,1,0.060,0.000,0.060,0,100,0,22610,21244,1331,0,1295
29.268,Custom_loss6_delay0-100_dup0_reorder6_burst0,Loopback,1,1,0,,,0.000,0,21,801,19.268,19.263,15.134,65.182,102.453,69.084,57.704,22.732,0.061,0.253,21929,1437,20568,19131,2764,1692,139,816,729,87,117,0,19133,592,201,0,0,0,0,5.000,0,0,0,0,0,0,0,0,0,0,0,0,0,0,0,0.000,0.000,0.000,,581,581,2777,0,1,42.320,236.516,42.965,236.672,0.000,0.000,579,576,11194,679,191,0,1941,3170,802,1,nack-sent,pending,H.264,0,1,22,13,9,5,2,1,0,9,0,0,23337,17,0,0,0,0,0,49.176,104,139,87,84,87,0,65.398,25.105,123.390,1,0,331,29,360,0,104,18,0.428,0.572,0.919,1.000,0.148,42.000,0.600,0.400,0.000,stable,1098,9272,0,0,651,8586,1941,18169,446,681,1,5,18161,predicted-useful,fec-grace,3227,0.409,143,360,0,3,0,0,0,6,6,6,6,141,2307,141,2307,0,0,0,pacing,1,0.679,6.544,114.544,0,0,6,6,0,0,0,0,2316,2434,114,0,1,9500000,1200000,0,0,0,23347,23347,28608260,1200,1475253,720,888378,0,0,0,0,0,9.046,36.092,921.938,4800.000,1198,42479,21921,9471,20558,11087,0.302,22.870,3.063,1198,3528401,6649951,1.679,57.497,0.446,18.276,42479,1941,584,18169,376,1556,9,190,190,348,21,43,2,6,15,0,0,0,0,0,0,0,0,0,0,168,1,1,0,4,3873,3170,3170,0,0,0,0,0,,disabled,,0,0,0,0,,1,Fixed Quality,Hybrid,85,30,9500,12000,640,360,H.264,480,270,518400,26096,518400,26096,0.050,0.000,,0,0,0.000,1.819,0.000,0.000,0.086,6000,6250,6250,8,8,0,1,9500,0.820,1,9.046,0.000,0,0,0.000,0.000,0,0,0,0,0.289,0.631,0.081,1,0,0,latency-pressure-freshness-hold,22,0,0,68,166,68,75,23,127,127,0,4,large-au-observed,0,,0,0,11.818,21.976,0,,0.000,0.000,0.000,0.000,0,0,0,,29,0,0,5.405,0,803,0.085,0.000,0.000,0.085,0.000,0.060,0.008,1,1,1,1,0,1,1,0,0,0,0,0,1.000,0.000,0.000,27,0,0.000,0,0,0,0.000,0.000,0.000,0.000,0.000,0.000,0.000,1.724,10.104,0,0,0,0,0,0,0,0,0.000,0.000,0.000,0.000,0.000,0.000,0,0.121,19.263,579,581,2778,42.825,237.480,18.646,237.480,2678.377,60,1,H.264,105.625,0,0,236.516,236.672,0.997,189.448,104.654,arrival-gap-jitter-spike,26589.937,0,1,1,1,1,29268.314,459.789,468.982,469.592,469.592,0,0,4,0,0,4,2,cadence-limited freshness,input-cadence-or-video-budget,124.260,145.952,798,1,decoded,0,0,0,0,0,0,0,0,0,0,,92.011,0.000,90.566,0.000,0.000,0.000,120.000,stale-before-upload,0.001,801,0.000,93.932,4.923,0.087,0.289,0.031,0.000,0.258,1,0,0,1,3,0.062,19.268,19.263,22.732,15.134,1.000,RecoveryDeadline,0,1,0,1.000,0,1,1,1,0.060,0.000,0.060,0,100,0,23376,21963,1378,0,1329
30.274,Custom_loss6_delay0-100_dup0_reorder6_burst0,Loopback,1,1,0,,,0.000,0,21,827,16.520,14.671,15.718,101.662,102.492,45.213,57.258,12.100,0.061,0.252,22639,1476,21225,19749,2860,1750,141,848,756,92,121,0,19751,613,207,0,0,0,0,5.000,0,0,0,0,0,0,0,0,0,0,0,0,0,0,0,0.000,0.000,0.000,,601,601,2870,0,1,47.455,236.516,48.433,236.672,0.000,0.000,599,596,11578,705,196,0,2002,3280,828,1,nack-sent,pending,H.264,0,1,22,19,3,5,4,2,4,13,0,0,24077,16,0,0,0,0,0,77.503,108,141,92,89,92,0,65.033,25.862,123.390,1,0,342,30,372,0,109,18,0.434,0.566,0.919,1.000,0.142,45.000,0.333,0.667,0.000,duplicate-guard,1134,9563,0,0,673,8853,2002,18693,460,705,1,5,18683,predicted-useful,likely-arrival,3334,0.136,147,372,0,3,0,0,0,6,6,6,6,145,2361,145,2361,0,0,0,pacing,1,0.729,8.267,116.267,0,0,6,6,0,0,0,0,2370,2510,118,0,1,9500000,1200000,9,0,9,24115,24106,29545786,1240,1524757,743,917030,0,0,0,0,0,0.588,36.092,774.250,4800.000,1237,43840,22623,9810,21217,11407,0.302,4.989,1.769,1237,4844326,7977180,0.987,41.223,0.487,16.893,43840,2002,605,18693,388,1605,9,195,195,357,21,43,2,6,15,0,0,0,0,0,0,0,0,0,0,173,1,1,0,4,4013,3280,3280,0,0,0,0,0,,disabled,,0,0,0,0,,1,Fixed Quality,Hybrid,85,30,9500,12000,640,360,H.264,480,270,518400,26096,518400,26096,0.050,0.000,,0,0,0.000,2.037,0.000,0.000,0.074,6500,6250,6250,8,8,0,1,9500,0.897,1,14.732,0.000,0,0,0.000,0.000,0,0,0,0,0.290,0.629,0.081,1,0,0,fixed-pacing-queue-hold,22,0,0,70,170,70,77,23,131,131,0,4,large-au-observed,0,,0,0,18.373,21.976,0,,0.000,0.000,0.000,0.000,0,0,0,,30,0,0,6.304,0,830,0.074,0.000,0.000,0.073,0.000,0.051,0.007,1,1,1,1,0,1,1,0,0,0,1,0,0.860,95.954,0.000,24,0,0.000,0,0,0,0.000,0.000,0.000,0.000,0.000,0.000,0.000,1.952,10.239,0,0,0,0,0,0,0,0,0.000,0.000,0.000,0.000,0.000,0.000,0,0.101,14.671,599,601,2870,48.433,237.480,18.646,237.480,2678.377,60,1,H.264,105.625,0,0,236.516,236.672,0.997,189.448,104.654,arrival-gap-jitter-spike,27596.250,0,1,1,1,1,30274.627,459.789,468.982,469.592,469.592,0,0,4,0,0,4,0,,,124.260,145.952,798,1,decoded,0,0,0,0,0,0,0,0,0,0,,98.939,0.000,101.585,0.000,0.000,0.000,130.831,stale-before-upload,0.001,827,0.000,107.722,6.042,0.089,0.838,0.594,0.000,0.244,1,0,0,1,3,0.061,16.520,14.671,12.100,15.718,1.000,Loss,0,1,0,0.000,0,1,1,1,0.060,0.000,0.060,0,100,0,24136,22677,1416,0,1371
